timestep,row_heterogeneity,row_entropy,dobrushin,date
0,0.013557621277868748,3.2537467,0.047480833,2020-03-26
1,0.016399767249822617,3.3074782,0.05703377,2020-03-27
2,0.02074841596186161,3.4063213,0.072729,2020-03-30
3,0.028464727103710175,3.480874,0.101394236,2020-03-31
4,0.02323848009109497,3.4714727,0.087077975,2020-04-01
5,0.01604861579835415,3.2481606,0.053706728,2020-04-02
6,0.015433850698173046,3.300037,0.052200083,2020-04-03
7,0.025484679266810417,3.4826643,0.084509455,2020-04-06
8,0.012292292900383472,3.287416,0.043688152,2020-04-07
9,0.029063286259770393,3.5005827,0.09532,2020-04-08
10,0.017180107533931732,3.3995163,0.058952495,2020-04-09
11,0.02485722489655018,3.447339,0.09118426,2020-04-13
12,0.02033277414739132,3.391295,0.06836721,2020-04-14
13,0.01728690415620804,3.3741028,0.057337627,2020-04-15
14,0.014752116054296494,3.3252296,0.047174763,2020-04-16
15,0.027015315368771553,3.5090947,0.094397835,2020-04-17
16,0.02748979814350605,3.429704,0.094597824,2020-04-20
17,0.012755298055708408,3.3570132,0.046307225,2020-04-21
18,0.01645609177649021,3.2769527,0.05619374,2020-04-22
19,0.01788944937288761,3.423028,0.064853504,2020-04-23
20,0.03878455609083176,3.5286508,0.13191876,2020-04-24
21,0.011213591322302818,3.3281455,0.040002197,2020-04-27
22,0.01097343023866415,3.2039866,0.04135328,2020-04-28
23,0.014550376683473587,3.3315203,0.055603225,2020-04-29
24,0.021054822951555252,3.3889384,0.07362572,2020-04-30
25,0.029888993129134178,3.5230706,0.09613954,2020-05-01
26,0.020036766305565834,3.4549751,0.072425984,2020-05-04
27,0.019937140867114067,3.4368055,0.069086336,2020-05-05
28,0.02681911736726761,3.5037017,0.09275834,2020-05-06
29,0.03088412806391716,3.515723,0.1082211,2020-05-07
30,0.027690455317497253,3.4776092,0.10153623,2020-05-08
31,0.032606564462184906,3.5186207,0.11797317,2020-05-11
32,0.014637048356235027,3.2951667,0.05122965,2020-05-12
33,0.011601562611758709,3.0088444,0.03941655,2020-05-13
34,0.013022946193814278,3.0506942,0.042728618,2020-05-14
35,0.007403790485113859,3.350995,0.026233573,2020-05-15
36,0.030198602005839348,3.4986289,0.106071696,2020-05-18
37,0.017510203644633293,3.325092,0.06337033,2020-05-19
38,0.011562754400074482,3.137109,0.042434778,2020-05-20
39,0.017395583912730217,3.3648121,0.06079607,2020-05-21
40,0.03894174471497536,3.5412285,0.13381204,2020-05-22
41,0.03902958333492279,3.5427275,0.13309623,2020-05-26
42,0.019802885130047798,3.404455,0.07065882,2020-05-27
43,0.02932516485452652,3.4518077,0.0988943,2020-05-28
44,0.01612819917500019,3.406247,0.057321746,2020-05-29
45,0.018870500847697258,3.302048,0.0622208,2020-06-01
46,0.018690794706344604,3.4551222,0.063003175,2020-06-02
47,0.030141983181238174,3.5031958,0.107283264,2020-06-03
48,0.030235426500439644,3.5007832,0.10156504,2020-06-04
49,0.019471747800707817,3.3828068,0.06755112,2020-06-05
50,0.029930977150797844,3.5073965,0.10474849,2020-06-08
51,0.03018665499985218,3.4871745,0.0996101,2020-06-09
52,0.02822326309978962,3.5205755,0.09475485,2020-06-10
53,0.024901311844587326,3.479825,0.07762377,2020-06-11
54,0.029250983148813248,3.540525,0.10372758,2020-06-12
55,0.026292625814676285,3.4035106,0.09566694,2020-06-15
56,0.038741495460271835,3.535589,0.12559386,2020-06-16
57,0.0326506532728672,3.5386314,0.10983603,2020-06-17
58,0.02107563056051731,3.4428267,0.0758249,2020-06-18
59,0.038152165710926056,3.5428946,0.124682836,2020-06-19
60,0.034106262028217316,3.5500727,0.11065561,2020-06-22
61,0.03143307566642761,3.535224,0.11554322,2020-06-23
62,0.03531108424067497,3.5258937,0.12218763,2020-06-24
63,0.03551369905471802,3.549019,0.1179933,2020-06-25
64,0.04405023902654648,3.5481868,0.15162969,2020-06-26
65,0.0272105410695076,3.5018444,0.092760965,2020-06-29
66,0.041189856827259064,3.5487938,0.13469166,2020-06-30
67,0.03803100436925888,3.5373688,0.1364452,2020-07-01
68,0.03584752604365349,3.522015,0.119686715,2020-07-02
69,0.03865931183099747,3.5481396,0.12827854,2020-07-06
70,0.04125584661960602,3.5269575,0.13987026,2020-07-07
71,0.037814609706401825,3.5493753,0.123445705,2020-07-08
72,0.03919979929924011,3.5421343,0.13123435,2020-07-09
73,0.03716699033975601,3.540992,0.12064558,2020-07-10
74,0.03717755898833275,3.5445256,0.12849525,2020-07-13
75,0.04102860018610954,3.5461864,0.14114922,2020-07-14
76,0.039382364600896835,3.5370123,0.13631359,2020-07-15
77,0.03969081863760948,3.5489945,0.13397247,2020-07-16
78,0.038325317203998566,3.5497198,0.12748942,2020-07-17
79,0.038435548543930054,3.540934,0.13130474,2020-07-20
80,0.038860831409692764,3.54543,0.12737955,2020-07-21
81,0.03960520774126053,3.5452323,0.13192871,2020-07-22
82,0.03774184733629227,3.5421827,0.12499985,2020-07-23
83,0.04171367734670639,3.5435588,0.13684043,2020-07-24
84,0.036913201212882996,3.5495641,0.12168644,2020-07-27
85,0.03696170821785927,3.5483687,0.12584569,2020-07-28
86,0.04006412252783775,3.5448205,0.1373239,2020-07-29
87,0.042348623275756836,3.535475,0.1398491,2020-07-30
88,0.03326546028256416,3.508103,0.112927146,2020-07-31
89,0.0305484626442194,3.5046947,0.10645008,2020-08-03
90,0.04288798198103905,3.547747,0.14234509,2020-08-04
91,0.03747216612100601,3.5491421,0.1214077,2020-08-05
92,0.03305738791823387,3.5249143,0.11522463,2020-08-06
93,0.0382821261882782,3.534975,0.13114762,2020-08-07
94,0.021549217402935028,3.4391956,0.07694251,2020-08-10
95,0.03322398662567139,3.4975507,0.1076882,2020-08-11
96,0.029685838147997856,3.5045977,0.100731455,2020-08-12
97,0.04089149832725525,3.5490787,0.13450201,2020-08-13
98,0.034400373697280884,3.5323231,0.117868975,2020-08-14
99,0.0288657508790493,3.4880018,0.1024704,2020-08-17
100,0.03664270415902138,3.5376384,0.1183561,2020-08-18
101,0.036745816469192505,3.5494025,0.12575671,2020-08-19
102,0.0309321116656065,3.4938815,0.106632456,2020-08-20
103,0.034198131412267685,3.5313394,0.1137826,2020-08-21
104,0.02996896393597126,3.4989085,0.098347664,2020-08-24
105,0.0283853467553854,3.483817,0.093453415,2020-08-25
106,0.034573059529066086,3.517199,0.11356444,2020-08-26
107,0.035236116498708725,3.5464997,0.11521281,2020-08-27
108,0.03323522210121155,3.5177822,0.11080637,2020-08-28
109,0.037585463374853134,3.54321,0.12974983,2020-08-31
110,0.03317205607891083,3.5122,0.11124388,2020-09-01
111,0.03719119355082512,3.5493639,0.124670714,2020-09-02
112,0.036924052983522415,3.5324397,0.12509125,2020-09-03
113,0.039816539734601974,3.5487847,0.13883385,2020-09-04
114,0.03152623772621155,3.4958863,0.1119656,2020-09-08
115,0.03263374790549278,3.5237527,0.108179666,2020-09-09
116,0.03674065321683884,3.5396168,0.12725297,2020-09-10
117,0.03583861514925957,3.5492175,0.12679917,2020-09-11
118,0.039740294218063354,3.548798,0.13460837,2020-09-14
119,0.03757761791348457,3.5490615,0.13153127,2020-09-15
120,0.025019612163305283,3.4621713,0.08341366,2020-09-16
121,0.03670550510287285,3.5339255,0.11667184,2020-09-17
122,0.037722907960414886,3.543576,0.12558189,2020-09-18
123,0.03676247224211693,3.5364046,0.12851287,2020-09-21
124,0.028864892199635506,3.5108469,0.09412175,2020-09-22
125,0.03049129992723465,3.523792,0.1005724,2020-09-23
126,0.03559437394142151,3.5294092,0.11767091,2020-09-24
127,0.034981515258550644,3.5322263,0.12422643,2020-09-25
128,0.029651092365384102,3.4797366,0.10723931,2020-09-28
129,0.03144477680325508,3.4837422,0.10668977,2020-09-29
130,0.01973096840083599,3.3764937,0.065665156,2020-09-30
131,0.02461767941713333,3.4389584,0.0811027,2020-10-01
132,0.023932060226798058,3.4609752,0.08402274,2020-10-02
133,0.02743852324783802,3.4432762,0.09916289,2020-10-05
134,0.023770341649651527,3.417144,0.08328217,2020-10-06
135,0.02699868753552437,3.4795806,0.09733358,2020-10-07
136,0.02927633561193943,3.4874468,0.09656606,2020-10-08
137,0.02733445167541504,3.5229278,0.09706314,2020-10-09
138,0.015478377230465412,3.3608778,0.05274736,2020-10-12
139,0.009350314736366272,3.290702,0.035349973,2020-10-13
140,0.014286240562796593,3.2156231,0.05219623,2020-10-14
141,0.03157589212059975,3.509237,0.10765502,2020-10-15
142,0.0418713353574276,3.5483534,0.14012077,2020-10-16
143,0.008854336105287075,3.2512953,0.031242818,2020-10-19
144,0.03736943379044533,3.5457659,0.13525721,2020-10-20
145,0.04275017976760864,3.548516,0.15006955,2020-10-21
146,0.037023622542619705,3.5495155,0.121321715,2020-10-22
147,0.0374448336660862,3.5452504,0.12652136,2020-10-23
148,0.03255993500351906,3.525719,0.10983317,2020-10-26
149,0.03377973660826683,3.5498805,0.10955736,2020-10-27
150,0.0345974862575531,3.54973,0.12272325,2020-10-28
151,0.03233640640974045,3.5334733,0.11582947,2020-10-29
152,0.04151513800024986,3.5483615,0.13528931,2020-10-30
153,0.042995382100343704,3.5487175,0.13630065,2020-11-02
154,0.023698363453149796,3.4791365,0.0826791,2020-11-03
155,0.04223483055830002,3.5333433,0.14601006,2020-11-04
156,0.03298766165971756,3.5447915,0.10900185,2020-11-05
157,0.040546439588069916,3.5414603,0.13728544,2020-11-06
158,0.03808283805847168,3.5496485,0.12736826,2020-11-09
159,0.024397626519203186,3.4702854,0.08385776,2020-11-10
160,0.03844830393791199,3.524419,0.13403955,2020-11-11
161,0.03840957209467888,3.543883,0.13305604,2020-11-12
162,0.03898937255144119,3.5492857,0.13114843,2020-11-13
163,0.04157308116555214,3.5408397,0.13478331,2020-11-16
164,0.037712447345256805,3.5489762,0.13426334,2020-11-17
165,0.04105696827173233,3.5431268,0.14333475,2020-11-18
166,0.0412793792784214,3.5484643,0.13631278,2020-11-19
167,0.038382064551115036,3.5473359,0.12652966,2020-11-20
168,0.03919723629951477,3.547975,0.13489513,2020-11-23
169,0.03847872465848923,3.543296,0.1274787,2020-11-24
170,0.03004092536866665,3.5213435,0.10549545,2020-11-25
171,0.038931138813495636,3.5386813,0.13018812,2020-11-27
172,0.03634042665362358,3.5165718,0.12437197,2020-11-30
173,0.03841175138950348,3.5324426,0.12352952,2020-12-01
174,0.03856673091650009,3.5495853,0.13205728,2020-12-02
175,0.04093436896800995,3.547854,0.14204168,2020-12-03
176,0.04146029055118561,3.5472507,0.13712479,2020-12-04
177,0.034540072083473206,3.5327442,0.11416887,2020-12-07
178,0.03260743245482445,3.52992,0.118508555,2020-12-08
179,0.029042374342679977,3.509009,0.10448725,2020-12-09
180,0.041084542870521545,3.5382679,0.1397898,2020-12-10
181,0.040654413402080536,3.5477035,0.13798995,2020-12-11
182,0.022413313388824463,3.4676435,0.07808811,2020-12-14
183,0.03864297643303871,3.5495062,0.12709475,2020-12-15
184,0.038594868034124374,3.5493994,0.13093409,2020-12-16
185,0.03296210244297981,3.5019367,0.10893692,2020-12-17
186,0.03814441338181496,3.548344,0.13073744,2020-12-18
187,0.04144924134016037,3.5388968,0.13277277,2020-12-21
188,0.04227578639984131,3.548875,0.14527312,2020-12-22
189,0.03352644667029381,3.535861,0.10939712,2020-12-23
190,0.042581986635923386,3.5436158,0.14314653,2020-12-24
191,0.03252800181508064,3.5065322,0.10886155,2020-12-28
192,0.03434700518846512,3.511339,0.11092381,2020-12-29
193,0.02332998998463154,3.4754534,0.081378706,2020-12-30
194,0.039357926696538925,3.5253997,0.13027084,2020-12-31
195,0.03443530201911926,3.540614,0.11582169,2021-01-04
196,0.035657014697790146,3.5489779,0.11979905,2021-01-05
197,0.035286881029605865,3.5390503,0.120131694,2021-01-06
198,0.03436494618654251,3.516569,0.12149612,2021-01-07
199,0.04259058088064194,3.5434844,0.14433317,2021-01-08
200,0.03852237015962601,3.5449557,0.12910083,2021-01-11
201,0.04306811839342117,3.5394723,0.14916196,2021-01-12
202,0.04149256646633148,3.548376,0.14063933,2021-01-13
203,0.04115978628396988,3.5298462,0.13268621,2021-01-14
204,0.0402088388800621,3.5485313,0.13435647,2021-01-15
205,0.03516542166471481,3.521727,0.121250644,2021-01-19
206,0.038403019309043884,3.5489433,0.12883577,2021-01-20
207,0.038897231221199036,3.5442917,0.12668271,2021-01-21
208,0.04203645512461662,3.5481777,0.14203481,2021-01-22
209,0.033152177929878235,3.515788,0.11451375,2021-01-25
210,0.04249453917145729,3.548619,0.1426889,2021-01-26
211,0.03868241608142853,3.5481455,0.13375261,2021-01-27
212,0.02152402698993683,3.414303,0.07245849,2021-01-28
213,0.04225778207182884,3.5473814,0.1419726,2021-01-29
214,0.036593545228242874,3.532262,0.1244985,2021-02-01
215,0.03194475173950195,3.5131102,0.10833797,2021-02-02
216,0.03583388030529022,3.5143921,0.12114103,2021-02-03
217,0.03951994329690933,3.526983,0.12841366,2021-02-04
218,0.03296919912099838,3.516547,0.113033004,2021-02-05
219,0.03963369131088257,3.5230758,0.13802505,2021-02-08
220,0.04427032917737961,3.548268,0.14344381,2021-02-09
221,0.03723999857902527,3.5370789,0.12562683,2021-02-10
222,0.04058517888188362,3.5474105,0.13532744,2021-02-11
223,0.03912687301635742,3.529716,0.13524741,2021-02-12
224,0.04325694590806961,3.5436828,0.14401303,2021-02-16
225,0.043425556272268295,3.5411375,0.14151086,2021-02-17
226,0.040389884263277054,3.5484314,0.1322019,2021-02-18
227,0.038116179406642914,3.5358682,0.13295117,2021-02-19
228,0.04448536038398743,3.5483043,0.1464554,2021-02-22
229,0.04212366044521332,3.5305493,0.13436285,2021-02-23
230,0.043699927628040314,3.5330014,0.13879605,2021-02-24
231,0.041118357330560684,3.5486403,0.13620593,2021-02-25
232,0.03833293914794922,3.5466614,0.1264246,2021-02-26
233,0.040825407952070236,3.5472207,0.13994905,2021-03-01
234,0.04416912421584129,3.5191767,0.14731006,2021-03-02
235,0.03776349499821663,3.5212646,0.12863968,2021-03-03
236,0.04213288798928261,3.549035,0.1404548,2021-03-04
237,0.036636658012866974,3.4870107,0.123243295,2021-03-05
238,0.038783274590969086,3.4980474,0.12838684,2021-03-08
239,0.03691435977816582,3.4948936,0.12545998,2021-03-09
240,0.0401286743581295,3.5281153,0.13012451,2021-03-10
241,0.04274628311395645,3.52277,0.14202231,2021-03-11
242,0.03748584911227226,3.4929805,0.1207626,2021-03-12
243,0.03867269307374954,3.4989562,0.13175516,2021-03-15
244,0.04149172827601433,3.523054,0.13199694,2021-03-16
245,0.03037290647625923,3.4660883,0.10135824,2021-03-17
246,0.04226311668753624,3.5345063,0.1421892,2021-03-18
247,0.037248361855745316,3.4948206,0.12694286,2021-03-19
248,0.04064689576625824,3.5461004,0.13807704,2021-03-22
249,0.03994302079081535,3.543916,0.12687755,2021-03-23
250,0.036136846989393234,3.5369754,0.120366216,2021-03-24
251,0.04306308552622795,3.537484,0.13893226,2021-03-25
252,0.038806915283203125,3.5402625,0.13474391,2021-03-26
253,0.040796030312776566,3.5324566,0.13875575,2021-03-29
254,0.03755684196949005,3.504731,0.12458727,2021-03-30
255,0.04213942587375641,3.5251808,0.13871962,2021-03-31
256,0.03912009671330452,3.5405781,0.13266349,2021-04-01
257,0.042957987636327744,3.5378017,0.13908958,2021-04-05
258,0.04084362834692001,3.521004,0.13170367,2021-04-06
259,0.03936760127544403,3.517047,0.13045415,2021-04-07
260,0.04132556542754173,3.532176,0.13728625,2021-04-08
261,0.03596428036689758,3.4961865,0.11818955,2021-04-09
262,0.040714334696531296,3.5273674,0.135126,2021-04-12
263,0.04216200113296509,3.5460477,0.1379263,2021-04-13
264,0.03648364543914795,3.527745,0.11848372,2021-04-14
265,0.04269949346780777,3.5479243,0.13558221,2021-04-15
266,0.03833348676562309,3.5486083,0.12864922,2021-04-16
267,0.03823176771402359,3.5247629,0.13133122,2021-04-19
268,0.03953363746404648,3.5314324,0.1347777,2021-04-20
269,0.03894384205341339,3.5447419,0.12763609,2021-04-21
270,0.042858369648456573,3.5465813,0.1380758,2021-04-22
271,0.03852992504835129,3.514104,0.122604825,2021-04-23
272,0.038791995495557785,3.512438,0.13457793,2021-04-26
273,0.04094676673412323,3.5235379,0.13585782,2021-04-27
274,0.03731990605592728,3.4837968,0.12012219,2021-04-28
275,0.039885591715574265,3.5082653,0.13064694,2021-04-29
276,0.03845037519931793,3.4991739,0.13107517,2021-04-30
277,0.03732532635331154,3.4919546,0.123465255,2021-05-03
278,0.03743354231119156,3.506108,0.12311135,2021-05-04
279,0.03998081386089325,3.504793,0.13143376,2021-05-05
280,0.03809380158782005,3.4977047,0.12610082,2021-05-06
281,0.036846455186605453,3.484065,0.12162012,2021-05-07
282,0.03698265179991722,3.4839783,0.11875002,2021-05-10
283,0.03705188259482384,3.494991,0.12184884,2021-05-11
284,0.04141690954566002,3.5278442,0.1309898,2021-05-12
285,0.037866104394197464,3.5034666,0.12031334,2021-05-13
286,0.03705905005335808,3.4966326,0.12738706,2021-05-14
287,0.04152423515915871,3.5053132,0.13396683,2021-05-17
288,0.03957055136561394,3.5257604,0.12945381,2021-05-18
289,0.038206614553928375,3.5455782,0.12641235,2021-05-19
290,0.02588403783738613,3.4406557,0.083749995,2021-05-20
291,0.037227824330329895,3.5455112,0.12907566,2021-05-21
292,0.037090227007865906,3.546319,0.1287049,2021-05-24
293,0.03485395759344101,3.483248,0.11280589,2021-05-25
294,0.035642191767692566,3.5480638,0.12024072,2021-05-26
295,0.04081658646464348,3.5395186,0.13625808,2021-05-27
296,0.04071500152349472,3.5455835,0.1384763,2021-05-28
297,0.040876347571611404,3.5051727,0.13615887,2021-06-01
298,0.03955620154738426,3.503625,0.12907754,2021-06-02
299,0.039017997682094574,3.5090399,0.12677273,2021-06-03
300,0.03931500390172005,3.5053642,0.1320557,2021-06-04
301,0.04003647714853287,3.5037787,0.13223912,2021-06-07
302,0.03982396423816681,3.5240865,0.12775372,2021-06-08
303,0.040667664259672165,3.533307,0.13363726,2021-06-09
304,0.04322151839733124,3.5440245,0.13870233,2021-06-10
305,0.03545238822698593,3.5325227,0.11841778,2021-06-11
306,0.039600078016519547,3.5329678,0.13411526,2021-06-14
307,0.039934564381837845,3.528977,0.12909724,2021-06-15
308,0.04017477110028267,3.5377228,0.13155778,2021-06-16
309,0.039118148386478424,3.549543,0.1361143,2021-06-17
310,0.029608452692627907,3.4924638,0.09586199,2021-06-18
311,0.033175479620695114,3.5327473,0.11292709,2021-06-21
312,0.03020019270479679,3.5237057,0.101071104,2021-06-22
313,0.040841858834028244,3.5364149,0.13793105,2021-06-23
314,0.04233649745583534,3.5381768,0.14083092,2021-06-24
315,0.03903431072831154,3.5487902,0.1320926,2021-06-25
316,0.041458796709775925,3.5476198,0.14101897,2021-06-28
317,0.04216916486620903,3.5353875,0.13965647,2021-06-29
318,0.0403469055891037,3.5193057,0.13179834,2021-06-30
319,0.03837862238287926,3.5038118,0.12958632,2021-07-01
320,0.042468201369047165,3.5293527,0.13888115,2021-07-02
321,0.038605641573667526,3.5064762,0.12492409,2021-07-06
322,0.034819334745407104,3.4954598,0.117590845,2021-07-07
323,0.04132187366485596,3.5227451,0.13321473,2021-07-08
324,0.034843768924474716,3.5128372,0.112509854,2021-07-09
325,0.03987446799874306,3.5305462,0.13764316,2021-07-12
326,0.042083740234375,3.5384176,0.14198007,2021-07-13
327,0.03453930467367172,3.479379,0.11165172,2021-07-14
328,0.035727377980947495,3.512958,0.12184223,2021-07-15
329,0.039563391357660294,3.5263457,0.1298943,2021-07-16
330,0.03659606724977493,3.502365,0.11766655,2021-07-19
331,0.03847036883234978,3.529294,0.12478335,2021-07-20
332,0.042355675250291824,3.5486207,0.1407618,2021-07-21
333,0.045258596539497375,3.5470219,0.14640087,2021-07-22
334,0.0412173829972744,3.540746,0.13400376,2021-07-23
335,0.032818544656038284,3.4694233,0.109522864,2021-07-26
336,0.036483123898506165,3.479834,0.12134615,2021-07-27
337,0.036809176206588745,3.4857635,0.12139104,2021-07-28
338,0.03707132861018181,3.5116045,0.12520055,2021-07-29
339,0.04079453647136688,3.5170088,0.1337649,2021-07-30
340,0.0352117195725441,3.4909985,0.11888123,2021-08-02
341,0.04476563259959221,3.5456374,0.14474839,2021-08-03
342,0.041942428797483444,3.529328,0.13568367,2021-08-04
343,0.043591905385255814,3.5460346,0.13662572,2021-08-05
344,0.03868313506245613,3.5175312,0.13119447,2021-08-06
345,0.04090728983283043,3.51218,0.13626161,2021-08-09
346,0.037491485476493835,3.4928658,0.12039459,2021-08-10
347,0.0411057285964489,3.5221443,0.13122384,2021-08-11
348,0.0412730909883976,3.529581,0.1394873,2021-08-12
349,0.04240753874182701,3.527276,0.13793993,2021-08-13
350,0.03836023434996605,3.5267737,0.12803522,2021-08-16
351,0.04214673489332199,3.5288198,0.13353735,2021-08-17
352,0.037670522928237915,3.5103111,0.1278325,2021-08-18
353,0.043592412024736404,3.5470028,0.14273584,2021-08-19
354,0.0384049266576767,3.5408273,0.12885495,2021-08-20
355,0.04018580541014671,3.5353906,0.12972133,2021-08-23
356,0.04217216745018959,3.548832,0.14172192,2021-08-24
357,0.03993311524391174,3.5251806,0.13653454,2021-08-25
358,0.03983455151319504,3.5220656,0.13802852,2021-08-26
359,0.0435815267264843,3.5471215,0.1431151,2021-08-27
360,0.04140777140855789,3.544208,0.14485525,2021-08-30
361,0.031170422211289406,3.4943204,0.10118934,2021-08-31
362,0.04065432399511337,3.537455,0.1369761,2021-09-01
363,0.04500509053468704,3.5457833,0.14391185,2021-09-02
364,0.03925278037786484,3.5490005,0.13406917,2021-09-03
365,0.04329009726643562,3.5400572,0.13988723,2021-09-07
366,0.042361099272966385,3.5378716,0.14575863,2021-09-08
367,0.037419743835926056,3.5005555,0.1222384,2021-09-09
368,0.040465544909238815,3.5162988,0.13418315,2021-09-10
369,0.03978542238473892,3.5137463,0.13432841,2021-09-13
370,0.04492247477173805,3.5404465,0.14452179,2021-09-14
371,0.04084550961852074,3.5293756,0.13149242,2021-09-15
372,0.04003406688570976,3.4968624,0.12927383,2021-09-16
373,0.03280317038297653,3.4837532,0.10761517,2021-09-17
374,0.028263457119464874,3.4437945,0.0946621,2021-09-20
375,0.0309130921959877,3.4834626,0.10338496,2021-09-21
376,0.03977411240339279,3.4927502,0.13085507,2021-09-22
377,0.043632205575704575,3.526184,0.1480013,2021-09-23
378,0.04625747725367546,3.5355067,0.15542692,2021-09-24
379,0.03529653325676918,3.4759624,0.114907965,2021-09-27
380,0.04184351861476898,3.5024984,0.13956821,2021-09-28
381,0.04012094810605049,3.531836,0.13124281,2021-09-29
382,0.03991708904504776,3.5189686,0.1295707,2021-09-30
383,0.03540535271167755,3.4931235,0.116099626,2021-10-01
384,0.03656570613384247,3.4643486,0.11747388,2021-10-04
385,0.03496246039867401,3.476451,0.11441269,2021-10-05
386,0.04374409094452858,3.525346,0.14546447,2021-10-06
387,0.038061145693063736,3.503364,0.12653735,2021-10-07
388,0.04127316549420357,3.4974236,0.13089071,2021-10-08
389,0.036376453936100006,3.4879963,0.122642964,2021-10-11
390,0.03348159417510033,3.472838,0.10713182,2021-10-12
391,0.04324904456734657,3.5408547,0.14590319,2021-10-13
392,0.04038228094577789,3.5355542,0.12752655,2021-10-14
393,0.04011950269341469,3.4947119,0.13434705,2021-10-15
394,0.04166795313358307,3.529855,0.14146486,2021-10-18
395,0.037036072462797165,3.4864264,0.12047748,2021-10-19
396,0.04092271998524666,3.517487,0.13625622,2021-10-20
397,0.04249657690525055,3.5162723,0.13828668,2021-10-21
398,0.03779284656047821,3.4969025,0.12427742,2021-10-22
399,0.0420168973505497,3.5194244,0.1347238,2021-10-25
400,0.038863807916641235,3.5342052,0.12823379,2021-10-26
401,0.039912961423397064,3.5307918,0.13921952,2021-10-27
402,0.030595064163208008,3.4999757,0.1052488,2021-10-28
403,0.040527258068323135,3.535656,0.13155556,2021-10-29
404,0.03282159939408302,3.5243886,0.10944167,2021-11-01
405,0.03628547862172127,3.5164287,0.11759013,2021-11-02
406,0.036412451416254044,3.5301642,0.11987719,2021-11-03
407,0.019349798560142517,3.4257147,0.06594368,2021-11-04
408,0.0327192023396492,3.5102499,0.107027106,2021-11-05
409,0.03344567120075226,3.5419767,0.11239366,2021-11-08
410,0.03581047058105469,3.4954026,0.12469739,2021-11-09
411,0.03435610607266426,3.5322576,0.11438331,2021-11-10
412,0.04109208658337593,3.533369,0.13299459,2021-11-11
413,0.041502658277750015,3.547387,0.13913135,2021-11-12
414,0.04374793544411659,3.5484037,0.13934167,2021-11-15
415,0.03966032713651657,3.5370448,0.13122603,2021-11-16
416,0.04259065166115761,3.5330524,0.1401054,2021-11-17
417,0.039290741086006165,3.545643,0.13136756,2021-11-18
418,0.030650125816464424,3.4783998,0.09992951,2021-11-19
419,0.040821097791194916,3.5490856,0.13538803,2021-11-22
420,0.03848392888903618,3.541078,0.13227658,2021-11-23
421,0.038959700614213943,3.5162032,0.13111542,2021-11-24
422,0.0375286303460598,3.5190847,0.12457565,2021-11-26
423,0.03386704623699188,3.507846,0.11293082,2021-11-29
424,0.039502356201410294,3.5303843,0.12971057,2021-11-30
425,0.0368390716612339,3.5016553,0.12167455,2021-12-01
426,0.03640284016728401,3.4850402,0.12143794,2021-12-02
427,0.04335169866681099,3.5369668,0.1419334,2021-12-03
428,0.036430709064006805,3.5210226,0.122055806,2021-12-06
429,0.03740934282541275,3.5422585,0.1335586,2021-12-07
430,0.04248310253024101,3.542853,0.13914198,2021-12-08
431,0.041770439594984055,3.5486066,0.13968259,2021-12-09
432,0.035694945603609085,3.529468,0.12819877,2021-12-10
433,0.04081482067704201,3.5475593,0.13328502,2021-12-13
434,0.041100140661001205,3.5294726,0.13911507,2021-12-14
435,0.04248005151748657,3.543461,0.1454203,2021-12-15
436,0.043459702283144,3.5486345,0.14930122,2021-12-16
437,0.03843500837683678,3.5345464,0.13173158,2021-12-17
438,0.029167847707867622,3.4745867,0.09565267,2021-12-20
439,0.022220874205231667,3.4130874,0.07007455,2021-12-21
440,0.02963450737297535,3.4815712,0.097257845,2021-12-22
441,0.021766288205981255,3.3893192,0.074385494,2021-12-23
442,0.022743510082364082,3.4406676,0.07986527,2021-12-27
443,0.03631443530321121,3.506949,0.1196915,2021-12-28
444,0.035960905253887177,3.514737,0.121378765,2021-12-29
445,0.036732129752635956,3.5172832,0.122345984,2021-12-30
446,0.04311617091298103,3.5485404,0.14826997,2021-12-31
447,0.039735693484544754,3.4995506,0.1284067,2022-01-03
448,0.04178962484002113,3.541386,0.1441852,2022-01-04
449,0.04439215362071991,3.5475004,0.15626381,2022-01-05
450,0.042883243411779404,3.5488229,0.13867657,2022-01-06
451,0.04059937968850136,3.548999,0.13585123,2022-01-07
452,0.042506661266088486,3.5461297,0.14222059,2022-01-10
453,0.04087389260530472,3.5302687,0.139044,2022-01-11
454,0.0438719168305397,3.541744,0.14720827,2022-01-12
455,0.03856389597058296,3.5377347,0.12664881,2022-01-13
456,0.0367511548101902,3.5135953,0.12368112,2022-01-14
457,0.038730405271053314,3.5409803,0.12419173,2022-01-18
458,0.039648689329624176,3.5374458,0.12935817,2022-01-19
459,0.03378014266490936,3.5167608,0.11693937,2022-01-20
460,0.02766093797981739,3.4385467,0.09287279,2022-01-21
461,0.028551092371344566,3.485942,0.093978435,2022-01-24
462,0.034803640097379684,3.5049722,0.11863386,2022-01-25
463,0.0273769311606884,3.4330714,0.09357818,2022-01-26
464,0.02921225316822529,3.4849634,0.10168923,2022-01-27
465,0.03259347751736641,3.5191238,0.113842726,2022-01-28
466,0.023712346330285072,3.4103081,0.08141007,2022-01-31
467,0.02471238188445568,3.412236,0.08248477,2022-02-01
468,0.016013579443097115,3.4160058,0.05511657,2022-02-02
469,0.019364729523658752,3.3655312,0.06801517,2022-02-03
470,0.017125394195318222,3.2688453,0.058387466,2022-02-04
471,0.015926437452435493,3.2403262,0.053910103,2022-02-07
472,0.019393792375922203,3.42858,0.06452367,2022-02-08
473,0.028081705793738365,3.4933674,0.09927438,2022-02-09
474,0.03189091756939888,3.4856255,0.1108257,2022-02-10
475,0.023065583780407906,3.4241302,0.0779172,2022-02-11
476,0.04025645554065704,3.5456572,0.13307284,2022-02-14
477,0.031316470354795456,3.5113485,0.10714633,2022-02-15
478,0.03803032636642456,3.546082,0.13312197,2022-02-16
479,0.041301291435956955,3.536859,0.13923457,2022-02-17
480,0.041421934962272644,3.546273,0.13982667,2022-02-18
481,0.04330221936106682,3.539715,0.13977036,2022-02-22
482,0.039310522377491,3.5457962,0.13570108,2022-02-23
483,0.04083508998155594,3.540243,0.13243026,2022-02-24
484,0.04042572155594826,3.5482066,0.13256507,2022-02-25
485,0.044452596455812454,3.5363996,0.1506022,2022-02-28
486,0.042670492082834244,3.5463684,0.13836882,2022-03-01
487,0.027898969128727913,3.4850771,0.091663495,2022-03-02
488,0.03468109294772148,3.498444,0.11492011,2022-03-03
489,0.01750439964234829,3.3441355,0.058544338,2022-03-04
490,0.03708561137318611,3.5356927,0.1240224,2022-03-07
491,0.03987811878323555,3.5490007,0.13524063,2022-03-08
492,0.03924918174743652,3.5331936,0.1263572,2022-03-09
493,0.03778932988643646,3.518668,0.124877855,2022-03-10
494,0.041156988590955734,3.5465212,0.13356134,2022-03-11
495,0.04102993384003639,3.5443885,0.13916466,2022-03-14
496,0.03931950405240059,3.530463,0.1314281,2022-03-15
497,0.04403892531991005,3.542279,0.1445262,2022-03-16
498,0.044940631836652756,3.5479004,0.147422,2022-03-17
499,0.04510679841041565,3.541809,0.14934975,2022-03-18
500,0.04316514730453491,3.546658,0.14122014,2022-03-21
501,0.043191321194171906,3.5470061,0.1425216,2022-03-22
502,0.03665498271584511,3.5248544,0.13291238,2022-03-23
503,0.02081877365708351,3.365773,0.07224177,2022-03-24
504,0.031126338988542557,3.4659166,0.09938261,2022-03-25
505,0.025078950449824333,3.457471,0.08612621,2022-03-28
506,0.02573680505156517,3.4417322,0.08623581,2022-03-29
507,0.03182939812541008,3.5042922,0.10624782,2022-03-30
508,0.02765597775578499,3.4758575,0.09492617,2022-03-31
509,0.02750498801469803,3.450283,0.089438945,2022-04-01
510,0.020642133429646492,3.4532046,0.06913271,2022-04-04
511,0.04187671095132828,3.5487778,0.13883632,2022-04-05
512,0.03177250176668167,3.519764,0.11350087,2022-04-06
513,0.026363534852862358,3.412895,0.08959228,2022-04-07
514,0.02228611707687378,3.4211938,0.075749755,2022-04-08
515,0.03025168552994728,3.4587147,0.1031647,2022-04-11
516,0.0225752554833889,3.417997,0.07808555,2022-04-12
517,0.02695818804204464,3.452582,0.09104543,2022-04-13
518,0.03604087233543396,3.5207922,0.118497476,2022-04-14
519,0.03988643363118172,3.5376384,0.13216402,2022-04-18
520,0.04162626340985298,3.5468729,0.13764833,2022-04-19
521,0.026488816365599632,3.4752219,0.09364304,2022-04-20
522,0.029778698459267616,3.447165,0.10221107,2022-04-21
523,0.03073800541460514,3.4906666,0.10150116,2022-04-22
524,0.0302080437541008,3.5148654,0.099165626,2022-04-25
525,0.026441266760230064,3.4787345,0.09386997,2022-04-26
526,0.027689017355442047,3.4525812,0.0955012,2022-04-27
527,0.03735204413533211,3.5309935,0.12610346,2022-04-28
528,0.03974587097764015,3.5423348,0.13677628,2022-04-29
529,0.028835715726017952,3.4885232,0.1022719,2022-05-02
530,0.045270007103681564,3.548224,0.14913963,2022-05-03
531,0.04232176020741463,3.5380764,0.13880724,2022-05-04
532,0.028954055160284042,3.4953768,0.09833889,2022-05-05
533,0.040845371782779694,3.5474093,0.13069527,2022-05-06
534,0.044636648148298264,3.5477455,0.1457678,2022-05-09
535,0.04053116217255592,3.5484738,0.13782583,2022-05-10
536,0.032208796590566635,3.4946032,0.10656162,2022-05-11
537,0.021408790722489357,3.3761287,0.071060926,2022-05-12
538,0.018098199740052223,3.2914348,0.058779232,2022-05-13
539,0.02019820362329483,3.3984652,0.066277444,2022-05-16
540,0.022938568145036697,3.445884,0.07574704,2022-05-17
541,0.023041686043143272,3.4218712,0.07958689,2022-05-18
542,0.020011572167277336,3.3086123,0.0688867,2022-05-19
543,0.021137483417987823,3.4556513,0.07160126,2022-05-20
544,0.04285109043121338,3.5486367,0.14875522,2022-05-23
545,0.04008125513792038,3.5255523,0.1389696,2022-05-24
546,0.03369755670428276,3.5097005,0.11517532,2022-05-25
547,0.029140792787075043,3.5161653,0.10421401,2022-05-26
548,0.02746470458805561,3.4597504,0.09560592,2022-05-27
549,0.042389802634716034,3.54479,0.13871403,2022-05-31
550,0.034295711666345596,3.5053613,0.11239429,2022-06-01
551,0.026446549221873283,3.468304,0.08691209,2022-06-02
552,0.03977449983358383,3.5434692,0.1321499,2022-06-03
553,0.04193935543298721,3.5460126,0.14061867,2022-06-06
554,0.04312099888920784,3.5487373,0.14052777,2022-06-07
555,0.040949687361717224,3.5489936,0.13592342,2022-06-08
556,0.03990883380174637,3.5426702,0.1328184,2022-06-09
557,0.03767995908856392,3.5392568,0.12495964,2022-06-10
558,0.032431237399578094,3.5177913,0.10609387,2022-06-13
559,0.03487386554479599,3.5279765,0.11646729,2022-06-14
560,0.03845825791358948,3.547096,0.12332897,2022-06-15
561,0.02786353975534439,3.4869447,0.09814702,2022-06-16
562,0.03221194073557854,3.5184662,0.11317016,2022-06-17
563,0.033611882477998734,3.5197883,0.11436081,2022-06-21
564,0.04284859448671341,3.54783,0.14673151,2022-06-22
565,0.029627587646245956,3.483334,0.1056702,2022-06-23
566,0.04112440347671509,3.5484982,0.13790795,2022-06-24
567,0.021707924082875252,3.438505,0.075425856,2022-06-27
568,0.04235900565981865,3.5475452,0.13711542,2022-06-28
569,0.039023980498313904,3.5366988,0.13636309,2022-06-29
570,0.04290171340107918,3.5406938,0.14156775,2022-06-30
571,0.03956525772809982,3.535924,0.13267174,2022-07-01
572,0.04416413977742195,3.5483074,0.1482049,2022-07-05
573,0.04223405197262764,3.5488226,0.13815144,2022-07-06
574,0.037838343530893326,3.5328948,0.1262112,2022-07-07
575,0.042075712233781815,3.5490112,0.13917585,2022-07-08
576,0.039981331676244736,3.5431778,0.13516393,2022-07-11
577,0.0408310741186142,3.546198,0.1362488,2022-07-12
578,0.04293350875377655,3.5421658,0.14142412,2022-07-13
579,0.038947343826293945,3.5372448,0.1317746,2022-07-14
580,0.035732366144657135,3.5291216,0.11658339,2022-07-15
581,0.03867961838841438,3.5362442,0.13217032,2022-07-18
582,0.04029332473874092,3.5146585,0.13779867,2022-07-19
583,0.03766654059290886,3.5392444,0.12677571,2022-07-20
584,0.043026313185691833,3.5380127,0.14259166,2022-07-21
585,0.04206275939941406,3.5489068,0.1411406,2022-07-22
586,0.03979578614234924,3.5451012,0.13181049,2022-07-25
587,0.04039495065808296,3.535673,0.13015656,2022-07-26
588,0.038650184869766235,3.5493433,0.12662186,2022-07-27
589,0.041434839367866516,3.5454369,0.13568,2022-07-28
590,0.03469749912619591,3.539774,0.122055635,2022-07-29
591,0.037919726222753525,3.5199347,0.1256942,2022-08-01
592,0.03277874365448952,3.5179508,0.10753939,2022-08-02
593,0.040887657552957535,3.549175,0.1345316,2022-08-03
594,0.039760980755090714,3.540804,0.13381183,2022-08-04
595,0.03322304040193558,3.5248482,0.1110798,2022-08-05
596,0.04302524775266647,3.5485666,0.14570758,2022-08-08
597,0.041381776332855225,3.5490258,0.13415931,2022-08-09
598,0.03943464159965515,3.548876,0.13253714,2022-08-10
599,0.04158075526356697,3.5487638,0.14152549,2022-08-11
600,0.04354910925030708,3.5408392,0.14950067,2022-08-12
601,0.03504324331879616,3.5346177,0.119807474,2022-08-15
602,0.02476065792143345,3.4069712,0.07990745,2022-08-16
603,0.025138534605503082,3.4742043,0.082991876,2022-08-17
604,0.035708192735910416,3.52272,0.12266625,2022-08-18
605,0.03706292062997818,3.5294762,0.12337945,2022-08-19
606,0.024731971323490143,3.4781954,0.08370809,2022-08-22
607,0.03163473308086395,3.5035326,0.10587072,2022-08-23
608,0.03265316039323807,3.50781,0.10722693,2022-08-24
609,0.028699517250061035,3.4781275,0.09487123,2022-08-25
610,0.03054393082857132,3.4854512,0.100982316,2022-08-26
611,0.024828549474477768,3.4748156,0.08208205,2022-08-29
612,0.03009668178856373,3.5118973,0.100733176,2022-08-30
613,0.032477810978889465,3.5178602,0.11383423,2022-08-31
614,0.033809732645750046,3.506464,0.11357697,2022-09-01
615,0.02859693020582199,3.492002,0.09569148,2022-09-02
616,0.030303724110126495,3.5096076,0.10405435,2022-09-06
617,0.03314913436770439,3.540459,0.11766864,2022-09-07
618,0.03584900125861168,3.5247831,0.12379504,2022-09-08
619,0.03360137715935707,3.5057266,0.11296719,2022-09-09
620,0.027455970644950867,3.4610283,0.09085478,2022-09-12
621,0.02055090107023716,3.4086895,0.07042859,2022-09-13
622,0.026203058660030365,3.4752297,0.08668446,2022-09-14
623,0.0226140134036541,3.4588778,0.077258,2022-09-15
624,0.0234303530305624,3.4433284,0.08598952,2022-09-16
625,0.027534890919923782,3.4753296,0.09294282,2022-09-19
626,0.02516028843820095,3.4820495,0.08735494,2022-09-20
627,0.023929011076688766,3.4357846,0.08442115,2022-09-21
628,0.01756393164396286,3.307302,0.059779976,2022-09-22
629,0.022515462711453438,3.4644365,0.07829409,2022-09-23
630,0.034554373472929,3.5349371,0.114951365,2022-09-26
631,0.03630373999476433,3.5381205,0.12042716,2022-09-27
632,0.024008184671401978,3.4425733,0.078817196,2022-09-28
633,0.040818650275468826,3.5395298,0.13906375,2022-09-29
634,0.036119647324085236,3.5365808,0.11971311,2022-09-30
635,0.03953948989510536,3.5485206,0.13598807,2022-10-03
636,0.04044285789132118,3.5434303,0.13517573,2022-10-04
637,0.03259475901722908,3.5087006,0.11134811,2022-10-05
638,0.027788633480668068,3.4769764,0.09180197,2022-10-06
639,0.031115401536226273,3.5071084,0.10025123,2022-10-07
640,0.03856386989355087,3.5482266,0.13037238,2022-10-10
641,0.04133281111717224,3.547523,0.14253734,2022-10-11
642,0.03782863914966583,3.5494573,0.12588292,2022-10-12
643,0.033873945474624634,3.5252347,0.11499506,2022-10-13
644,0.02007548324763775,3.4519236,0.068782754,2022-10-14
645,0.037584345787763596,3.5464847,0.12713982,2022-10-17
646,0.04172303155064583,3.5436633,0.13807228,2022-10-18
647,0.03719903156161308,3.5412717,0.12421643,2022-10-19
648,0.018228648230433464,3.4060025,0.061400883,2022-10-20
649,0.04031418636441231,3.5492065,0.13332923,2022-10-21
650,0.04078191891312599,3.5482736,0.13851392,2022-10-24
651,0.04160419851541519,3.5443919,0.14029902,2022-10-25
652,0.040280815213918686,3.5428917,0.13376097,2022-10-26
653,0.0375632718205452,3.5130222,0.12918006,2022-10-27
654,0.03889039531350136,3.5494158,0.13315985,2022-10-28
655,0.041239600628614426,3.5461125,0.13404527,2022-10-31
656,0.03996635600924492,3.548382,0.13655174,2022-11-01
657,0.040280189365148544,3.5431623,0.13847747,2022-11-02
658,0.03946312889456749,3.5283966,0.13502048,2022-11-03
659,0.033331744372844696,3.5273526,0.11093252,2022-11-04
660,0.03460052236914635,3.5068376,0.11129273,2022-11-07
661,0.026909274980425835,3.468479,0.088374615,2022-11-08
662,0.03709324449300766,3.5325065,0.12393943,2022-11-09
663,0.037047937512397766,3.5491052,0.12553449,2022-11-10
664,0.026297975331544876,3.4607794,0.0898767,2022-11-11
665,0.037208810448646545,3.5358036,0.12469155,2022-11-14
666,0.039478711783885956,3.529983,0.1340115,2022-11-15
667,0.03754301741719246,3.5361333,0.12402599,2022-11-16
668,0.03650767728686333,3.5299413,0.119444214,2022-11-17
669,0.03582322224974632,3.5349014,0.11721862,2022-11-18
670,0.042096734046936035,3.5489671,0.13716774,2022-11-21
671,0.04129943251609802,3.5486515,0.13735498,2022-11-22
672,0.042055562138557434,3.5464158,0.14068836,2022-11-23
673,0.04196342080831528,3.534234,0.14074059,2022-11-25
674,0.04154146462678909,3.545871,0.13860708,2022-11-28
675,0.03798842802643776,3.531624,0.12688102,2022-11-29
676,0.043447721749544144,3.5450995,0.14363994,2022-11-30
677,0.04044865444302559,3.5481055,0.13525702,2022-12-01
678,0.041292574256658554,3.5419047,0.13796276,2022-12-02
679,0.041718535125255585,3.5405357,0.14037281,2022-12-05
680,0.03654380142688751,3.549947,0.12531117,2022-12-06
681,0.03877422586083412,3.548404,0.12957677,2022-12-07
682,0.03989294171333313,3.548793,0.13509215,2022-12-08
683,0.041770171374082565,3.52802,0.13761319,2022-12-09
684,0.0412692129611969,3.5489974,0.13944894,2022-12-12
685,0.04014609381556511,3.5216703,0.13453095,2022-12-13
686,0.0382707417011261,3.5492208,0.1271279,2022-12-14
687,0.03716802969574928,3.5408804,0.12154172,2022-12-15
688,0.03681300953030586,3.5449588,0.12564671,2022-12-16
689,0.030370410531759262,3.4944248,0.10030627,2022-12-19
690,0.03832058981060982,3.548749,0.12794058,2022-12-20
691,0.04284214228391647,3.539084,0.14320219,2022-12-21
692,0.04072027653455734,3.536425,0.14557028,2022-12-22
693,0.0401248037815094,3.548844,0.13148299,2022-12-23
694,0.03957391157746315,3.5365498,0.1377721,2022-12-27
695,0.04134555906057358,3.5464814,0.14108816,2022-12-28
696,0.04001793637871742,3.5457718,0.13441694,2022-12-29
697,0.042193453758955,3.539303,0.13813807,2022-12-30
698,0.041362371295690536,3.5488145,0.14180428,2023-01-03
699,0.04054775461554527,3.5174835,0.13304782,2023-01-04
700,0.04021322727203369,3.5258033,0.1316069,2023-01-05
701,0.038469307124614716,3.5368743,0.12882783,2023-01-06
702,0.041419368237257004,3.5487678,0.13533753,2023-01-09
703,0.03893079236149788,3.5229435,0.13248627,2023-01-10
704,0.042699284851551056,3.547492,0.14242156,2023-01-11
705,0.04212329164147377,3.546332,0.13797893,2023-01-12
706,0.04095010459423065,3.5473075,0.13569343,2023-01-13
707,0.03931145370006561,3.5441773,0.13302141,2023-01-17
708,0.0375332236289978,3.5193684,0.12292139,2023-01-18
709,0.037364646792411804,3.5491352,0.12731728,2023-01-19
710,0.04122719168663025,3.5453231,0.13259114,2023-01-20
711,0.03370683640241623,3.5166857,0.11254496,2023-01-23
712,0.04331124573945999,3.5431893,0.14195089,2023-01-24
713,0.039639655500650406,3.5477722,0.13149832,2023-01-25
714,0.04109755530953407,3.542984,0.1375983,2023-01-26
715,0.04044678434729576,3.54654,0.13668032,2023-01-27
716,0.03949394449591637,3.5490515,0.12757067,2023-01-30
717,0.04154897853732109,3.5438285,0.13938811,2023-01-31
718,0.04334861785173416,3.5440433,0.14426278,2023-02-01
719,0.04060458391904831,3.53984,0.13505997,2023-02-02
720,0.038015201687812805,3.5316927,0.12777118,2023-02-03
721,0.03941591456532478,3.5492678,0.13681377,2023-02-06
722,0.03671859949827194,3.521148,0.11860971,2023-02-07
723,0.02627434954047203,3.4903712,0.08500732,2023-02-08
724,0.019099723547697067,3.3565924,0.061534878,2023-02-09
725,0.012251718901097775,3.2580743,0.0411096,2023-02-10
726,0.014852411113679409,3.3426824,0.05011847,2023-02-13
727,0.018058422952890396,3.4365602,0.061790593,2023-02-14
728,0.021158764138817787,3.411245,0.07347118,2023-02-15
729,0.017626646906137466,3.4163513,0.059432067,2023-02-16
730,0.016964653506875038,3.3007586,0.057745192,2023-02-17
731,0.02166667953133583,3.4628005,0.07240275,2023-02-21
732,0.020703287795186043,3.43669,0.07269627,2023-02-22
733,0.019400062039494514,3.3403096,0.064886436,2023-02-23
734,0.018114380538463593,3.4371014,0.06623966,2023-02-24
735,0.03959200903773308,3.5482323,0.13103865,2023-02-27
736,0.035139571875333786,3.5329795,0.117922366,2023-02-28
737,0.035987433046102524,3.5360174,0.11933454,2023-03-01
738,0.03795654699206352,3.5421858,0.12610444,2023-03-02
739,0.0395326167345047,3.5488555,0.12963708,2023-03-03
740,0.04131116345524788,3.5470212,0.13740362,2023-03-06
741,0.040780775249004364,3.5429327,0.13539529,2023-03-07
742,0.03697299584746361,3.5434437,0.11989863,2023-03-08
743,0.04079694673418999,3.5478182,0.13399087,2023-03-09
744,0.0369170717895031,3.541557,0.12170636,2023-03-10
745,0.037597302347421646,3.5383391,0.12675612,2023-03-13
746,0.0356636643409729,3.5483167,0.11902437,2023-03-14
747,0.04245707765221596,3.548273,0.14031199,2023-03-15
748,0.037095583975315094,3.5431519,0.11978437,2023-03-16
749,0.03553523123264313,3.5123675,0.11706406,2023-03-17
750,0.03427276760339737,3.550347,0.11932862,2023-03-20
751,0.044031158089637756,3.544929,0.14609872,2023-03-21
752,0.04200855270028114,3.5368989,0.14313339,2023-03-22
753,0.032141394913196564,3.5343225,0.1038309,2023-03-23
754,0.034199971705675125,3.545497,0.11310779,2023-03-24
755,0.039418552070856094,3.5479908,0.1307062,2023-03-27
756,0.037592340260744095,3.5347762,0.12342589,2023-03-28
757,0.03633502498269081,3.545517,0.124061406,2023-03-29
758,0.040926121175289154,3.5489016,0.13872653,2023-03-30
759,0.03501284122467041,3.5201411,0.12092193,2023-03-31
760,0.03301326557993889,3.5155537,0.10842928,2023-04-03
761,0.03523794934153557,3.5405428,0.116466105,2023-04-04
762,0.028818078339099884,3.4872277,0.092488274,2023-04-05
763,0.03830453008413315,3.537927,0.12564541,2023-04-06
764,0.027874575927853584,3.5161269,0.09387015,2023-04-10
765,0.037952788174152374,3.5493052,0.12666924,2023-04-11
766,0.03895655646920204,3.5354655,0.1286021,2023-04-12
767,0.03948339447379112,3.548674,0.13053957,2023-04-13
768,0.03726264461874962,3.539125,0.12342964,2023-04-14
769,0.04030380770564079,3.517218,0.13634768,2023-04-17
770,0.037622153759002686,3.5498466,0.13314123,2023-04-18
771,0.038855765014886856,3.5481393,0.12790796,2023-04-19
772,0.033626724034547806,3.5372632,0.113700695,2023-04-20
773,0.033959921449422836,3.5311732,0.11913987,2023-04-21
774,0.0405411534011364,3.5493896,0.13430756,2023-04-24
775,0.03810346871614456,3.5322025,0.12654811,2023-04-25
776,0.023344172164797783,3.4709833,0.08259956,2023-04-26
777,0.040443792939186096,3.547715,0.13141555,2023-04-27
778,0.04010067880153656,3.5407543,0.13550046,2023-04-28
779,0.03962232172489166,3.5303178,0.13414522,2023-05-01
780,0.0371505543589592,3.5496283,0.12702164,2023-05-02
781,0.03709696605801582,3.5494745,0.124653205,2023-05-03
782,0.03617722541093826,3.5442715,0.123876646,2023-05-04
783,0.03601011261343956,3.5211456,0.12698124,2023-05-05
784,0.045310232788324356,3.546727,0.1463875,2023-05-08
785,0.03455137088894844,3.548749,0.1180635,2023-05-09
786,0.03929666057229042,3.5436099,0.13632643,2023-05-10
787,0.03738747164607048,3.5487347,0.12504265,2023-05-11
788,0.03493862971663475,3.5078,0.116225466,2023-05-12
789,0.03926021233201027,3.5416238,0.1301671,2023-05-15
790,0.036693401634693146,3.527329,0.12591703,2023-05-16
791,0.04025280103087425,3.5436945,0.13107082,2023-05-17
792,0.04177941381931305,3.5463896,0.1424571,2023-05-18
793,0.036360275000333786,3.4895535,0.12192617,2023-05-19
794,0.038694918155670166,3.5211074,0.1270155,2023-05-22
795,0.0382695347070694,3.532351,0.1274407,2023-05-23
796,0.04198280721902847,3.5488498,0.13401918,2023-05-24
797,0.036894865334033966,3.5148776,0.12456633,2023-05-25
798,0.03878645598888397,3.524911,0.13135466,2023-05-26
799,0.03749113157391548,3.5068862,0.12831497,2023-05-30
800,0.03791731595993042,3.5263083,0.1261945,2023-05-31
801,0.032703377306461334,3.5122242,0.11148389,2023-06-01
802,0.038190122693777084,3.5195048,0.12792946,2023-06-02
803,0.0385173037648201,3.528505,0.13195047,2023-06-05
804,0.039498355239629745,3.5417414,0.1307716,2023-06-06
805,0.04298095405101776,3.5425959,0.13794868,2023-06-07
806,0.03904005140066147,3.5204914,0.13168308,2023-06-08
807,0.04088399559259415,3.5433958,0.13679974,2023-06-09
808,0.036621060222387314,3.4964192,0.12546891,2023-06-12
809,0.036074426025152206,3.508282,0.12285689,2023-06-13
810,0.03603668510913849,3.5086076,0.12232755,2023-06-14
811,0.03710752725601196,3.5310743,0.12073934,2023-06-15
812,0.04041950777173042,3.5318658,0.13583295,2023-06-16
813,0.04084593430161476,3.5466766,0.14027715,2023-06-20
814,0.03926775977015495,3.5436997,0.13553427,2023-06-21
815,0.037814293056726456,3.539234,0.12631525,2023-06-22
816,0.0377163365483284,3.548059,0.120112,2023-06-23
817,0.034620173275470734,3.5058987,0.11591063,2023-06-26
818,0.043328020721673965,3.5355854,0.14075008,2023-06-27
819,0.035557880997657776,3.514898,0.12008369,2023-06-28
820,0.0388716459274292,3.511632,0.12852222,2023-06-29
821,0.0407504141330719,3.5263093,0.1399723,2023-06-30
822,0.03395519033074379,3.4854882,0.11331143,2023-07-03
823,0.04121457412838936,3.5467813,0.13624579,2023-07-05
824,0.040633440017700195,3.540349,0.1293143,2023-07-06
825,0.03861476480960846,3.5341218,0.12989229,2023-07-07
826,0.03812982887029648,3.4913588,0.12779698,2023-07-10
827,0.03748461231589317,3.5150168,0.12311641,2023-07-11
828,0.040056075900793076,3.5145485,0.13130708,2023-07-12
829,0.041781455278396606,3.5289826,0.13668282,2023-07-13
830,0.0361093133687973,3.5014198,0.12186222,2023-07-14
831,0.03433002158999443,3.5001922,0.115191706,2023-07-17
832,0.04037820175290108,3.542091,0.13212633,2023-07-18
833,0.04089636355638504,3.530926,0.13484366,2023-07-19
834,0.04030660167336464,3.542224,0.13392794,2023-07-20
835,0.03968511521816254,3.5274203,0.13253605,2023-07-21
836,0.03817875310778618,3.5227773,0.12547992,2023-07-24
837,0.0396975576877594,3.5387154,0.13096786,2023-07-25
838,0.03764995560050011,3.523771,0.12443066,2023-07-26
839,0.035055164247751236,3.510421,0.11991416,2023-07-27
840,0.034302208572626114,3.4915996,0.11070065,2023-07-28
841,0.03664593771100044,3.4934123,0.12194892,2023-07-31
842,0.03610978648066521,3.516818,0.123969585,2023-08-01
843,0.0365055613219738,3.5118608,0.12449584,2023-08-02
844,0.033775657415390015,3.4721572,0.10954369,2023-08-03
845,0.03492603078484535,3.469561,0.11751269,2023-08-04
846,0.03574647381901741,3.4951801,0.11915954,2023-08-07
847,0.04013431817293167,3.5235834,0.1312324,2023-08-08
848,0.038952503353357315,3.5203888,0.1259566,2023-08-09
849,0.03799803927540779,3.514954,0.1265712,2023-08-10
850,0.03686264157295227,3.5058174,0.12488852,2023-08-11
851,0.041239943355321884,3.5265584,0.13780719,2023-08-14
852,0.03288913145661354,3.512709,0.113818325,2023-08-15
853,0.035861287266016006,3.549568,0.11658141,2023-08-16
854,0.03680785372853279,3.525996,0.1237484,2023-08-17
855,0.03837401419878006,3.5449762,0.12940612,2023-08-18
856,0.03979774937033653,3.5444906,0.12843905,2023-08-21
857,0.03460228070616722,3.4894326,0.11387065,2023-08-22
858,0.03887306898832321,3.549274,0.12764171,2023-08-23
859,0.04181547462940216,3.5482895,0.13456391,2023-08-24
860,0.04144899919629097,3.5385942,0.13728489,2023-08-25
861,0.03926146402955055,3.5385313,0.13128522,2023-08-28
862,0.043413691222667694,3.5423543,0.14132397,2023-08-29
863,0.04047113656997681,3.5485604,0.13582885,2023-08-30
864,0.04049432650208473,3.527814,0.13291678,2023-08-31
865,0.04090936481952667,3.5309794,0.1362823,2023-09-01
866,0.040386468172073364,3.5487576,0.1321231,2023-09-05
867,0.04021693766117096,3.5460057,0.13427211,2023-09-06
868,0.03947162628173828,3.5475314,0.13272692,2023-09-07
869,0.037685640156269073,3.5162706,0.12797289,2023-09-08
870,0.04043124243617058,3.5330493,0.13711621,2023-09-11
871,0.03886358439922333,3.5084608,0.1297632,2023-09-12
872,0.038206860423088074,3.5068822,0.12866446,2023-09-13
873,0.040320415049791336,3.540154,0.13372341,2023-09-14
874,0.041924118995666504,3.5370376,0.13839613,2023-09-15
875,0.04003087058663368,3.5275028,0.13771361,2023-09-18
876,0.039158351719379425,3.5494027,0.13287807,2023-09-19
877,0.04133322462439537,3.5455194,0.14347729,2023-09-20
878,0.03939633443951607,3.5439646,0.12644838,2023-09-21
879,0.0364048145711422,3.54472,0.11849172,2023-09-22
880,0.03542613610625267,3.5268996,0.111420065,2023-09-25
881,0.04224573075771332,3.548867,0.13880934,2023-09-26
882,0.03755073994398117,3.5487792,0.12545106,2023-09-27
883,0.04207361862063408,3.5421648,0.13569492,2023-09-28
884,0.0346599817276001,3.5289435,0.1131991,2023-09-29
885,0.03819742053747177,3.5333915,0.1243774,2023-10-02
886,0.035478364676237106,3.5436301,0.121470906,2023-10-03
887,0.03379208594560623,3.4955988,0.11112722,2023-10-04
888,0.04272763431072235,3.5442297,0.14412391,2023-10-05
889,0.035902757197618484,3.5370145,0.12419906,2023-10-06
890,0.03339780494570732,3.5427125,0.11615384,2023-10-09
891,0.03994095325469971,3.5448077,0.12909618,2023-10-10
892,0.03503328189253807,3.4827435,0.11583683,2023-10-11
893,0.03628440201282501,3.5418057,0.121237434,2023-10-12
894,0.0393497608602047,3.5431914,0.12648484,2023-10-13
895,0.03519721329212189,3.516647,0.12332654,2023-10-16
896,0.040583398193120956,3.5226426,0.13657373,2023-10-17
897,0.03841153159737587,3.5379925,0.12978591,2023-10-18
898,0.03459303081035614,3.5498466,0.11601871,2023-10-19
899,0.03904811292886734,3.5295303,0.12970687,2023-10-20
900,0.034656792879104614,3.511617,0.1193786,2023-10-23
901,0.036705609411001205,3.547847,0.12280105,2023-10-24
902,0.03363276645541191,3.470193,0.10883691,2023-10-25
903,0.027368765324354172,3.4311256,0.093324184,2023-10-26
904,0.03322470560669899,3.4737487,0.111534804,2023-10-27
905,0.03418516367673874,3.5054712,0.11210345,2023-10-30
906,0.03927256911993027,3.511483,0.13264309,2023-10-31
907,0.03625432029366493,3.4967468,0.12109807,2023-11-01
908,0.0406794510781765,3.527213,0.1335377,2023-11-02
909,0.03996838629245758,3.5250173,0.1336163,2023-11-03
910,0.04231463000178337,3.544121,0.14278182,2023-11-06
911,0.04268714040517807,3.5449376,0.13763745,2023-11-07
912,0.03527141362428665,3.4860249,0.11777797,2023-11-08
913,0.03777360916137695,3.5335813,0.12920642,2023-11-09
914,0.031082553789019585,3.4763246,0.106369704,2023-11-10
915,0.033511340618133545,3.4803112,0.11080317,2023-11-13
916,0.04102263227105141,3.5292866,0.1403771,2023-11-14
917,0.03642268851399422,3.5299952,0.12313791,2023-11-15
918,0.03667016327381134,3.5483384,0.12986627,2023-11-16
919,0.032086580991744995,3.5347443,0.105720155,2023-11-17
920,0.03825307637453079,3.5009925,0.12812467,2023-11-20
921,0.03755996748805046,3.5459511,0.12692365,2023-11-21
922,0.03295457363128662,3.5260842,0.105764575,2023-11-22
923,0.03440307080745697,3.510307,0.119361185,2023-11-24
924,0.03350454941391945,3.46446,0.111004695,2023-11-27
