timestep,ck_kl,ck_tv,date
0,0.01864660571014575,0.07208173207138426,2020-03-26
1,0.013163593432152664,0.06167179603151672,2020-03-27
2,0.01512708647471214,0.0660587118404279,2020-03-30
3,0.018935819622347784,0.07817161499528683,2020-03-31
4,0.0267920627106801,0.09280393249328682,2020-04-01
5,0.020453189575191804,0.07928350967687098,2020-04-02
6,0.01510434297523666,0.06674976931899265,2020-04-03
7,0.02017878235062521,0.08115313710302273,2020-04-06
8,0.012375654904431837,0.06040333600358019,2020-04-07
9,0.011440469168783536,0.05892889236049761,2020-04-08
10,0.010691762696132433,0.058908527286988976,2020-04-09
11,0.047315629673037644,0.1279525334395797,2020-04-13
12,0.0345062276189418,0.10857105049637432,2020-04-14
13,0.014720772186132334,0.0652502713284792,2020-04-15
14,0.016716212104628654,0.07272067239408024,2020-04-16
15,0.011228643031097973,0.05753554679702732,2020-04-17
16,0.01772980397439723,0.0764032739752961,2020-04-20
17,0.010648375976373884,0.05727131575945614,2020-04-21
18,0.017140228788676316,0.07499089351557597,2020-04-22
19,0.010514394486777332,0.05784039508605733,2020-04-23
20,0.011103961096924658,0.06015010296069354,2020-04-24
21,0.010386520194998585,0.05838342919314667,2020-04-27
22,0.013667945719226233,0.06665559017334234,2020-04-28
23,0.010183072448727137,0.05777774099944637,2020-04-29
24,0.013407941181097723,0.06600939479614476,2020-04-30
25,0.009862808901094023,0.05706860028307088,2020-05-01
26,0.010308937716077413,0.05896281595386366,2020-05-04
27,0.00934959339459756,0.055712774257623304,2020-05-05
28,0.012346935883318142,0.06440685801407761,2020-05-06
29,0.010577800435006597,0.057399995985724254,2020-05-07
30,0.01493319741825315,0.06784939690419202,2020-05-08
31,0.011763030281916128,0.061832004150041225,2020-05-11
32,0.17973929719938536,0.25000756510299943,2020-05-12
33,0.016650355018072247,0.06630103869633577,2020-05-13
34,0.017150628112660358,0.07325664523913587,2020-05-14
35,0.0166981901907773,0.07288491190236171,2020-05-15
36,0.017534020712938022,0.07532971476142573,2020-05-18
37,0.016909304571044614,0.07389337157837933,2020-05-19
38,0.03396758682313246,0.10793273586728762,2020-05-20
39,0.01160483312404304,0.05818946909838311,2020-05-21
40,0.014428129426127163,0.0680205568834198,2020-05-22
41,0.03155348721651226,0.10387942665718168,2020-05-26
42,0.01386876222493466,0.06572527975763887,2020-05-27
43,0.03517386887745072,0.10991953224787465,2020-05-28
44,0.012195707013633239,0.06001662200806758,2020-05-29
45,0.011718289709672603,0.06060163474761523,2020-06-01
46,0.010215477585653072,0.05731985770326634,2020-06-02
47,0.00996937370929332,0.057505930507880165,2020-06-03
48,0.010954700910051981,0.06005541059405302,2020-06-04
49,0.01741228250284461,0.07493595183447858,2020-06-05
50,0.00993526603006404,0.0573598166547762,2020-06-08
51,0.014870936785687976,0.06914215798525519,2020-06-09
52,0.010250955804069137,0.05868894630793183,2020-06-10
53,0.04486683531774955,0.12237891992782714,2020-06-11
54,0.010618272772835816,0.05812788030607411,2020-06-12
55,0.009902312109562795,0.05752977871645795,2020-06-15
56,0.011063359819903081,0.060211376838728424,2020-06-16
57,0.012957058139261483,0.06664224827770598,2020-06-17
58,0.010204515252777076,0.05762365015078153,2020-06-18
59,0.009202927593825266,0.05350259727692434,2020-06-19
60,0.009343057240035098,0.05412045232134366,2020-06-22
61,0.013408928979397466,0.06227796439156392,2020-06-23
62,0.009210826351744073,0.054660982820383903,2020-06-24
63,0.010439780636570082,0.057950570669082296,2020-06-25
64,0.010240442020485737,0.055596637877551786,2020-06-26
65,0.01034055361373416,0.05714457478991553,2020-06-29
66,0.009568542204760716,0.053589152052784625,2020-06-30
67,0.009073732755191606,0.05307009864758457,2020-07-01
68,0.009018337510477153,0.052535583518361115,2020-07-02
69,0.009236343716174123,0.053125968594893956,2020-07-06
70,0.010747285709680978,0.056188186985304915,2020-07-07
71,0.009645348038053806,0.051731154646239154,2020-07-08
72,0.00980799604420376,0.05132553819756425,2020-07-09
73,0.009296018599184065,0.049567222673444156,2020-07-10
74,0.014306018798843865,0.06155541953535573,2020-07-13
75,0.016160017255500123,0.06771827878465456,2020-07-14
76,0.009056145237021335,0.048866411620720876,2020-07-15
77,0.009051878025363148,0.04886230231535047,2020-07-16
78,0.009691344337048522,0.05000975329399236,2020-07-17
79,0.009028100732202038,0.04842141592920726,2020-07-20
80,0.01014193625944972,0.052339038620826006,2020-07-21
81,0.008909599456104868,0.04986498527091675,2020-07-22
82,0.009064069508864852,0.0502984424490911,2020-07-23
83,0.00933015441316559,0.050634418771725816,2020-07-24
84,0.009487233502145758,0.05050859526614017,2020-07-27
85,0.011514751350112172,0.055958490695239255,2020-07-28
86,0.011454315897231209,0.057242308364666615,2020-07-29
87,0.011964329026821902,0.06058556784831387,2020-07-30
88,0.02348463772252114,0.08096396322206557,2020-07-31
89,0.00930397223259606,0.055223315034639134,2020-08-03
90,0.01015773807321189,0.05723382690815412,2020-08-04
91,0.0718687664016191,0.15576989728291754,2020-08-05
92,0.010680817773814045,0.05751340581708008,2020-08-06
93,0.015283986444865472,0.070465868360665,2020-08-07
94,0.010502786017609152,0.0588621719880598,2020-08-10
95,0.01415870772144458,0.06755181602574736,2020-08-11
96,0.012586404646783993,0.06557278182905912,2020-08-12
97,0.00977758056362758,0.056971974173421765,2020-08-13
98,0.009031989210513725,0.05400624988514983,2020-08-14
99,0.00977544512446656,0.0558427842700766,2020-08-17
100,0.009792510015596357,0.05620995972819682,2020-08-18
101,0.009117327669110536,0.054706734237623705,2020-08-19
102,0.015754999952072687,0.06910208101451662,2020-08-20
103,0.009369446342190288,0.05596628655019105,2020-08-21
104,0.016779230220830697,0.07227060238735145,2020-08-24
105,0.011159284039575515,0.06052449589996574,2020-08-25
106,0.010546562185529,0.05979541502865221,2020-08-26
107,0.009561926333116703,0.05606400441249091,2020-08-27
108,0.009330162519702844,0.05544687266709791,2020-08-28
109,0.009741592035680218,0.05642894052085717,2020-08-31
110,0.010052592150075968,0.057309048940006435,2020-09-01
111,0.01150614691802458,0.06087348140305971,2020-09-02
112,0.010330220884380702,0.05838516458095929,2020-09-03
113,0.015765882439644302,0.07094046553624876,2020-09-04
114,0.009718780613138866,0.05708602919340187,2020-09-08
115,0.010130346852807276,0.058425146894769846,2020-09-09
116,0.01022563197640457,0.057820559064895215,2020-09-10
117,0.00883850616907829,0.052620087428020976,2020-09-11
118,0.011001939767180629,0.05784144627579104,2020-09-14
119,0.009625845890241397,0.055673428391495555,2020-09-15
120,0.010537400345969299,0.058029512212798784,2020-09-16
121,0.01019968507682179,0.05762119474694038,2020-09-17
122,0.015636593544632985,0.07001297074507841,2020-09-18
123,0.011630164002294883,0.06166551229689665,2020-09-21
124,0.009545374617971458,0.05646048627640551,2020-09-22
125,0.009336008680365743,0.05578442533338391,2020-09-23
126,0.009193766459499417,0.05525175670396952,2020-09-24
127,0.04264573606110819,0.1181873795411741,2020-09-25
128,0.019868961793028377,0.08115750708758529,2020-09-28
129,0.0809674926403987,0.16711226602866694,2020-09-29
130,0.016191281567026504,0.06895100300557361,2020-09-30
131,0.024804736178318236,0.09107789144086369,2020-10-01
132,0.020283622551457353,0.08141876375234876,2020-10-02
133,0.014673234131804696,0.06783103432293576,2020-10-05
134,0.016861038607998674,0.07483018512907921,2020-10-06
135,0.011455568700640479,0.062389537627474845,2020-10-07
136,0.017433758516127166,0.07558044282898951,2020-10-08
137,0.009058295517111105,0.05153070190578846,2020-10-09
138,0.009705662030464161,0.05334106967136807,2020-10-12
139,0.01120596753155742,0.054881663675229446,2020-10-13
140,0.015203105038734512,0.06341021797147665,2020-10-14
141,0.016985729574335175,0.06869050172958745,2020-10-15
142,0.009940215163885588,0.04975424365168827,2020-10-16
143,0.008935257127574819,0.04803964785256708,2020-10-19
144,0.009847882691044356,0.051382009593506604,2020-10-20
145,0.010199978534692365,0.05104630162284669,2020-10-21
146,0.009358822513318276,0.04985851066719688,2020-10-22
147,0.011497303381157838,0.053205437261528064,2020-10-23
148,0.011631523060447195,0.05193072044019329,2020-10-26
149,0.009560945176088215,0.04759410574889403,2020-10-27
150,0.009828109448055039,0.04788333631119892,2020-10-28
151,0.010229169136745429,0.04838716848334827,2020-10-29
152,0.009671285528724677,0.047730762976601546,2020-10-30
153,0.009474421480680749,0.04768235034986339,2020-11-02
154,0.009364393983358262,0.047559763472638995,2020-11-03
155,0.010264819221546831,0.048339361130866274,2020-11-04
156,0.009636356423277108,0.04876097552593,2020-11-05
157,0.010270308404621493,0.048322167727961954,2020-11-06
158,0.013534889850426673,0.0590015382088415,2020-11-09
159,0.009155542358094348,0.04778109637766872,2020-11-10
160,0.010124380133926053,0.05127833405561703,2020-11-11
161,0.01283945732752813,0.05823003827632497,2020-11-12
162,0.013616076924735513,0.05793654889631577,2020-11-13
163,0.009293118427741807,0.04755998655555107,2020-11-16
164,0.010129538560271519,0.048696368869189925,2020-11-17
165,0.009467004836609099,0.04740280305505871,2020-11-18
166,0.02820926841059951,0.08681308875817427,2020-11-19
167,0.009788609953292343,0.05073601251418876,2020-11-20
168,0.009789925298663536,0.049335959524102545,2020-11-23
169,0.014621086517335694,0.05749142752777654,2020-11-24
170,0.009324471810661364,0.04759625406364891,2020-11-25
171,0.012146343772533158,0.05615402407308052,2020-11-27
172,0.00925668623636275,0.04748947301859665,2020-11-30
173,0.009115488044261197,0.047346563486496226,2020-12-01
174,0.03687219661322555,0.10111753414170616,2020-12-02
175,0.00989768739947672,0.05354021435108898,2020-12-03
176,0.008694840580932938,0.04908121569498185,2020-12-04
177,0.022159489857993587,0.07477407006711358,2020-12-07
178,0.010988254258392768,0.04985707224523562,2020-12-08
179,0.017660457349667015,0.06756788733987414,2020-12-09
180,0.009141264141719351,0.04742274218479993,2020-12-10
181,0.010984666094326644,0.05023127026712293,2020-12-11
182,0.01093780440374247,0.05330709465157667,2020-12-14
183,0.011488305847032013,0.055064409916619164,2020-12-15
184,0.01035092640151519,0.049752945610555814,2020-12-16
185,0.013383023127848673,0.05423391601427174,2020-12-17
186,0.009483853915583531,0.04730133817598905,2020-12-18
187,0.01025210428653835,0.05105404105469165,2020-12-21
188,0.01291901307511586,0.05787654820623732,2020-12-22
189,0.009022899421057542,0.047300721219864166,2020-12-23
190,0.25142383034234494,0.29438339367403654,2020-12-24
191,0.0256544462532256,0.09583691756839258,2020-12-28
192,0.027499461911211432,0.09313515584143861,2020-12-29
193,0.009825939506514675,0.057642237565781566,2020-12-30
194,0.028010897265444867,0.0972015792023345,2020-12-31
195,0.01833207552001439,0.067573735481179,2021-01-04
196,0.01031741331189611,0.04882657133802309,2021-01-05
197,0.01087108331654704,0.04924610590856185,2021-01-06
198,0.009406532981303036,0.048138005056520286,2021-01-07
199,0.009814764863321099,0.04976027630248405,2021-01-08
200,0.00973722163277924,0.04966732918501188,2021-01-11
201,0.009796175496142298,0.0476475156064744,2021-01-12
202,0.011809206219871731,0.05060993963233282,2021-01-13
203,0.011777709262633648,0.055058084779373344,2021-01-14
204,0.009215827279073666,0.04741776736871657,2021-01-15
205,0.011158461105385755,0.05380762974880182,2021-01-19
206,0.00928086932287109,0.047006754922963495,2021-01-20
207,0.014104996196863574,0.06065813557570365,2021-01-21
208,0.008772977470199781,0.047326516038059686,2021-01-22
209,0.011728740813981526,0.05140400463298435,2021-01-25
210,0.07848778549819459,0.15465842616507286,2021-01-26
211,0.00842660477265168,0.05099161977899122,2021-01-27
212,0.03213731808065867,0.09444485124307733,2021-01-28
213,0.010948097665348428,0.05399056351225163,2021-01-29
214,0.021096688158041388,0.07490207878913525,2021-02-01
215,0.017283744210093707,0.06828606620007012,2021-02-02
216,0.02038795108150781,0.0768080788705767,2021-02-03
217,0.011105140974898021,0.05495359351495227,2021-02-04
218,0.009184026726320384,0.04817631695284057,2021-02-05
219,0.010104174919206501,0.0488244757419805,2021-02-08
220,0.008974809907616527,0.046572796605319634,2021-02-09
221,0.010972777538844973,0.04922627631138659,2021-02-10
222,0.009496995080881775,0.046830881905396825,2021-02-11
223,0.00929514132584734,0.047109618834333615,2021-02-12
224,0.009435084840726377,0.04687692479961914,2021-02-16
225,0.014519811039492141,0.06167985163432026,2021-02-17
226,0.009769335581268936,0.047168396107398376,2021-02-18
227,0.013925336884219808,0.05373376445658129,2021-02-19
228,0.013428449463761415,0.058484022186865714,2021-02-22
229,0.011458566434241249,0.05443638143591798,2021-02-23
230,0.01138726471717952,0.04945052984276076,2021-02-24
231,0.010300389352810415,0.04764939904567296,2021-02-25
232,0.014757862144673452,0.061564317083607094,2021-02-26
233,0.01084929127913487,0.04850644002700189,2021-03-01
234,0.009532530603091833,0.047047839108386204,2021-03-02
235,0.014230231242004671,0.05436981158102164,2021-03-03
236,0.009938049114958792,0.04828990712358676,2021-03-04
237,0.01003240955147559,0.04870084312447688,2021-03-05
238,0.010356524307018439,0.048140730648856954,2021-03-08
239,0.009850153233549038,0.048051771023315135,2021-03-09
240,0.010057162423431534,0.048253785844136365,2021-03-10
241,0.010029474845088685,0.048817350440096954,2021-03-11
242,0.009936992558027847,0.04831930725787582,2021-03-12
243,0.010164167946892453,0.0490926298466784,2021-03-15
244,0.010162016953754606,0.048185055882093035,2021-03-16
245,0.010203187177226248,0.048638675118830396,2021-03-17
246,0.011270812200562731,0.051560057934444146,2021-03-18
247,0.012387540427001962,0.05428473748732533,2021-03-19
248,0.011031269990700521,0.04892466983749522,2021-03-22
249,0.01135054324202212,0.051891977365780224,2021-03-23
250,0.011644998736907221,0.04997408467946141,2021-03-24
251,0.009848731665447348,0.04794737786395439,2021-03-25
252,0.009799799691135182,0.04744485529193775,2021-03-26
253,0.009767437275097348,0.04740230054538643,2021-03-29
254,0.00989417389564256,0.04810320913645099,2021-03-30
255,0.010863121171967296,0.05070217884723378,2021-03-31
256,0.00958685895019532,0.04689853124356839,2021-04-01
257,0.012251021259729431,0.054613634515175376,2021-04-05
258,0.009529027472432571,0.046843452730476076,2021-04-06
259,0.010353545290863514,0.04773600545352639,2021-04-07
260,0.012857182372519848,0.05195114481164886,2021-04-08
261,0.02071337175675048,0.07130837416705356,2021-04-09
262,0.019072124039480446,0.07045399583466982,2021-04-12
263,0.06264745785830451,0.13662897193151138,2021-04-13
264,0.02841560514328676,0.08496809171496725,2021-04-14
265,0.03272415898971841,0.0837970475784173,2021-04-15
266,0.01102638923746466,0.052075576998072325,2021-04-16
267,0.014547206984565192,0.06130897866509333,2021-04-19
268,0.010630809650865464,0.05239405392773034,2021-04-20
269,0.011095636515468705,0.04919459371411837,2021-04-21
270,0.009391587315753286,0.046748231137258345,2021-04-22
271,0.012561059355231732,0.05145402796143611,2021-04-23
272,0.010142147687477976,0.04903676123172094,2021-04-26
273,0.012971907819998565,0.05214435753882379,2021-04-27
274,0.010274277453452121,0.0480629892646029,2021-04-28
275,0.009872669664077302,0.048024475320741264,2021-04-29
276,0.011080201479300422,0.05105922399185956,2021-04-30
277,0.009761958892612011,0.04710696714207006,2021-05-03
278,0.009989531334569314,0.04833818350056927,2021-05-04
279,0.01212636938043227,0.050820232073861805,2021-05-05
280,0.010002322404962563,0.04822263341005689,2021-05-06
281,0.010288797215989005,0.04908388625841736,2021-05-07
282,0.01032546647568381,0.04910106234579691,2021-05-10
283,0.013026580350843102,0.05220017771884716,2021-05-11
284,0.010994857227170578,0.049472821296510164,2021-05-12
285,0.010463186703107476,0.04985710422431234,2021-05-13
286,0.010271462148611389,0.04901115233376312,2021-05-14
287,0.010554345964064809,0.049606806756270244,2021-05-17
288,0.01047313862810856,0.04806230858199519,2021-05-18
289,0.023315490115700215,0.07617595274299342,2021-05-19
290,0.019911821402336043,0.06358132606311526,2021-05-20
291,0.01207441671355752,0.05065817896522244,2021-05-21
292,0.010694721570188734,0.049027170892868004,2021-05-24
293,0.010901377035638107,0.04957969589414315,2021-05-25
294,0.010924721697889843,0.05000152680456391,2021-05-26
295,0.010795525537121837,0.05008661969023465,2021-05-27
296,0.010620185883019962,0.049966312837339495,2021-05-28
297,0.01087539271078117,0.049956797649011356,2021-06-01
298,0.011355630335763322,0.05077393649872786,2021-06-02
299,0.011707912175269987,0.05168917839883239,2021-06-03
300,0.012134657822047944,0.053633558464355524,2021-06-04
301,0.010793481213716195,0.04926566649480599,2021-06-07
302,0.019689130237134683,0.06765762733042431,2021-06-08
303,0.02269374423465894,0.06708818040187996,2021-06-09
304,0.010518328920780123,0.04904305027875337,2021-06-10
305,0.01076439971538904,0.04995753880520225,2021-06-11
306,0.011690091154599843,0.050147532189421605,2021-06-14
307,0.010399170428586391,0.04916224391898029,2021-06-15
308,0.01236210277077001,0.05334423660892598,2021-06-16
309,0.03762645319508014,0.10132987025466664,2021-06-17
310,0.022438763395386252,0.06926157242784338,2021-06-18
311,0.015963466802465475,0.057151611315315494,2021-06-21
312,0.010055687586527204,0.047320787346909414,2021-06-22
313,0.010916025697008523,0.048701819258457305,2021-06-23
314,0.010042351632706453,0.04789581506189922,2021-06-24
315,0.01423275145824985,0.0583100123521964,2021-06-25
316,0.011627861295752278,0.04969593519880125,2021-06-28
317,0.010994690325187226,0.048704939893139065,2021-06-29
318,0.010176565614292194,0.048262996866752624,2021-06-30
319,0.011684589189193326,0.05297340547103843,2021-07-01
320,0.013107158186858873,0.052275511512828235,2021-07-02
321,0.010172117051771295,0.0474601588065007,2021-07-06
322,0.011146403017361708,0.04903525900000043,2021-07-07
323,0.013323455897718262,0.052553750857550374,2021-07-08
324,0.010342055632787589,0.049155065166466644,2021-07-09
325,0.010096816863787331,0.04808688400605144,2021-07-12
326,0.010790325637650021,0.04897491474668704,2021-07-13
327,0.011123673766028654,0.049678177145663575,2021-07-14
328,0.010858212955831881,0.04970828210436614,2021-07-15
329,0.010523395350879037,0.04975365511280333,2021-07-16
330,0.013202285616011564,0.05500665971293777,2021-07-19
331,0.028491661369599283,0.08629594154720883,2021-07-20
332,0.009604336301102778,0.04845090498571564,2021-07-21
333,0.028026136780874716,0.07661703657792046,2021-07-22
334,0.012543078890605509,0.051385899698520546,2021-07-23
335,0.010083369345990802,0.047661862405121075,2021-07-26
336,0.010908542958030579,0.04892458019292764,2021-07-27
337,0.01428059436459047,0.057531457437149824,2021-07-28
338,0.019166599847358884,0.06180431078960322,2021-07-29
339,0.010611246997728519,0.049068560681476775,2021-07-30
340,0.010319001435670761,0.04902201730026506,2021-08-02
341,0.01098117824055189,0.04944555885875597,2021-08-03
342,0.010322524008271553,0.04910995760343797,2021-08-04
343,0.010493684711714168,0.048889258131780564,2021-08-05
344,0.01275851818987773,0.054263712639390276,2021-08-06
345,0.009865487548163987,0.04715562716199551,2021-08-09
346,0.010516729241631405,0.04932972953759288,2021-08-10
347,0.01636632480411,0.06379699678966873,2021-08-11
348,0.013518755242959493,0.05308423915838468,2021-08-12
349,0.009772968703354892,0.047484309087781694,2021-08-13
350,0.012869363992776219,0.051917583810183104,2021-08-16
351,0.01007598899269241,0.04802015285278903,2021-08-17
352,0.0161271216250792,0.06297534310364301,2021-08-18
353,0.05517388358467066,0.12601117891593835,2021-08-19
354,0.01048181549401826,0.05037206348924957,2021-08-20
355,0.026281319637643637,0.07694894183729493,2021-08-23
356,0.018960794837043243,0.06208536530388883,2021-08-24
357,0.011424211226732345,0.049561118709023244,2021-08-25
358,0.010890690083833813,0.05008926300428113,2021-08-26
359,0.04317258890365903,0.10953817230186276,2021-08-27
360,0.009477352347641741,0.047291698658538585,2021-08-30
361,0.011770310793327453,0.055155633350641185,2021-08-31
362,0.013611438284590924,0.054264842150192026,2021-09-01
363,0.01745380335589509,0.06681661562758279,2021-09-02
364,0.012763389226641265,0.05269362905241859,2021-09-03
365,0.009571657494749752,0.04747693506249344,2021-09-07
366,0.012256776166497663,0.05097452046940756,2021-09-08
367,0.010616248083801164,0.04804619487438768,2021-09-09
368,0.012438752642760504,0.05496083042180864,2021-09-10
369,0.009640387588272981,0.04711269063870206,2021-09-13
370,0.012396609123969103,0.0511563878793784,2021-09-14
371,0.014393612465929616,0.05443865911350221,2021-09-15
372,0.012068288650237395,0.0510581833265891,2021-09-16
373,0.011165389144703653,0.05049002436592263,2021-09-17
374,0.012342426343170105,0.05243555310068806,2021-09-20
375,0.01167417420973359,0.05218748677126238,2021-09-21
376,0.012924690613638098,0.05443331783240488,2021-09-22
377,0.012061477847822685,0.053627475775842925,2021-09-23
378,0.012310517563628184,0.05364966188534862,2021-09-24
379,0.011654492398966397,0.05276237580065663,2021-09-27
380,0.011119509875690835,0.05136092423157297,2021-09-28
381,0.011633471927092106,0.05086078061955469,2021-09-29
382,0.01155686211103772,0.051227615249799,2021-09-30
383,0.011174076113635358,0.05098252508165008,2021-10-01
384,0.011714908830868308,0.05154949163248441,2021-10-04
385,0.014447425895655338,0.05650558200400678,2021-10-05
386,0.012293978509872154,0.054208941505785424,2021-10-06
387,0.011824587708483884,0.05322425870798402,2021-10-07
388,0.010683807102237378,0.04998763016059503,2021-10-08
389,0.010559636972935448,0.04952493467288246,2021-10-11
390,0.010717070246625705,0.04941377729537293,2021-10-12
391,0.012377936218365906,0.051217105274678654,2021-10-13
392,0.013695794682645415,0.053716150221320404,2021-10-14
393,0.011122452023180927,0.05097037269545815,2021-10-15
394,0.011097663025240576,0.0506131200173747,2021-10-18
395,0.010906416740818525,0.05072764657310961,2021-10-19
396,0.010348658818379092,0.04899058632138108,2021-10-20
397,0.010198443200918396,0.04831644546419883,2021-10-21
398,0.011561568057180206,0.05134822661151096,2021-10-22
399,0.010117198531278604,0.04796525510939261,2021-10-25
400,0.01109387197093094,0.04892856851770548,2021-10-26
401,0.19569919233041713,0.25457148591434814,2021-10-27
402,0.06393954306989658,0.13576948742868503,2021-10-28
403,0.04555062528559025,0.11286045283324146,2021-10-29
404,0.04437107933198049,0.11300359411146346,2021-11-01
405,0.013222703632588591,0.06631449957147875,2021-11-02
406,0.032174820190835285,0.09581247853632636,2021-11-03
407,0.017068199386104148,0.07556419669807203,2021-11-04
408,0.05886611536035112,0.12610380197671858,2021-11-05
409,0.016231253470123826,0.0580833048590791,2021-11-08
410,0.0156969678815792,0.06250302868181656,2021-11-09
411,0.025042497976321364,0.07233162163934884,2021-11-10
412,0.013664312565975691,0.057306331501252285,2021-11-11
413,0.014488597212534492,0.06027385758924997,2021-11-12
414,0.02275528916652278,0.06915801105979752,2021-11-15
415,0.013775882868727133,0.05814811565669677,2021-11-16
416,0.011914722477696588,0.05465633988900973,2021-11-17
417,0.013463088192028851,0.05842461492558755,2021-11-18
418,0.015552236643474054,0.058235429499396744,2021-11-19
419,0.02209114828748312,0.06778039120743602,2021-11-22
420,0.011479380439206092,0.049509440054257656,2021-11-23
421,0.010547988372915356,0.04809768232312137,2021-11-24
422,0.010744326883529944,0.04846078805501079,2021-11-26
423,0.012080230110780106,0.05071631574678113,2021-11-29
424,0.010372743603411602,0.04837908559633523,2021-11-30
425,0.01080612701167693,0.048759558972284414,2021-12-01
426,0.012568591758549477,0.05161198270852363,2021-12-02
427,0.010517646131194287,0.04911106569226686,2021-12-03
428,0.01877103511983739,0.06601890687593814,2021-12-06
429,0.01010602080228756,0.047694098939036686,2021-12-07
430,0.012052699000655726,0.050409296839194866,2021-12-08
431,0.010328895116899816,0.04855972874842964,2021-12-09
432,0.011928555603930318,0.05029427430620004,2021-12-10
433,0.011698815981281991,0.0500542510625152,2021-12-13
434,0.022118312130491403,0.07271841734835163,2021-12-14
435,0.012981742408888082,0.05244728249353471,2021-12-15
436,0.03531216486904507,0.09643147424222585,2021-12-16
437,0.014272199972542811,0.05990831190618937,2021-12-17
438,0.021708676189865918,0.07377920734086277,2021-12-20
439,0.04405831051146586,0.11163396646991333,2021-12-21
440,0.02235817844162455,0.08185812586479659,2021-12-22
441,0.028087559501351445,0.09387610440760968,2021-12-23
442,0.024649869049914452,0.08871888333887194,2021-12-27
443,0.013780689058991585,0.06639045249432476,2021-12-28
444,0.010809133663859074,0.060727698157609165,2021-12-29
445,0.014061541445934396,0.06746413869888952,2021-12-30
446,0.02453120511320938,0.08157489449455814,2021-12-31
447,0.010373417347818423,0.05052137283623752,2022-01-03
448,0.026183450691950026,0.08108735281557176,2022-01-04
449,0.01051815534268715,0.052701209326102796,2022-01-05
450,0.010160610563800214,0.05071428183177481,2022-01-06
451,0.014656606603770973,0.05899861360486271,2022-01-07
452,0.014823221971760957,0.057564376239548,2022-01-10
453,0.05054058340734279,0.11729244079649143,2022-01-11
454,0.057054183128230705,0.1288256880386541,2022-01-12
455,0.024268728741216213,0.08587220386295215,2022-01-13
456,0.014143760582852436,0.07029066739987333,2022-01-14
457,0.010364182625009216,0.05629540915635739,2022-01-18
458,0.056789235320167275,0.13119288229581488,2022-01-19
459,0.014874656889115389,0.06821466287207292,2022-01-20
460,0.026512554869090835,0.09109427095214025,2022-01-21
461,0.03763908644931657,0.11112360556239043,2022-01-24
462,0.0242485184859074,0.08867191869921266,2022-01-25
463,0.0110645146369849,0.06063550595533698,2022-01-26
464,0.05753989462109227,0.13842315160247498,2022-01-27
465,0.06591823095671306,0.14992877633534935,2022-01-28
466,0.02281731825929839,0.08541322182937565,2022-01-31
467,0.028449391988974494,0.09651218755759443,2022-02-01
468,0.06691321123053078,0.15063889874361497,2022-02-02
469,0.11688254322922424,0.1967314669560525,2022-02-03
470,0.05828728781252555,0.1346639010158496,2022-02-04
471,0.02235036331347904,0.08025436107847343,2022-02-07
472,0.021239177866005186,0.08172199275739284,2022-02-08
473,0.038815494938712065,0.11384083443563413,2022-02-09
474,0.03795747942778219,0.11245689802753273,2022-02-10
475,0.016246832240057237,0.07057325956334283,2022-02-11
476,0.012241464556272634,0.06415594750746105,2022-02-14
477,0.01329229262220839,0.06490621256558228,2022-02-15
478,0.011686599788033082,0.06276432492452912,2022-02-16
479,0.01235272252064559,0.06145310469429056,2022-02-17
480,0.011684093005066244,0.05992580089066008,2022-02-18
481,0.017059419027362254,0.06836791964500229,2022-02-22
482,0.01707587299714528,0.07295472469307124,2022-02-23
483,0.013663678775253887,0.06025628986808242,2022-02-24
484,0.020115725966920957,0.0702980749451405,2022-02-25
485,0.016901879965571628,0.06196467121579375,2022-02-28
486,0.012749542903113361,0.05521808127620034,2022-03-01
487,0.013975659759519931,0.05830587864596896,2022-03-02
488,0.021102419767817605,0.07043148948084227,2022-03-03
489,0.017585831776234583,0.062127019045320295,2022-03-04
490,0.022220089742532433,0.0722659058892908,2022-03-07
491,0.013573608134272018,0.057772229630272544,2022-03-08
492,0.012594106568964217,0.054782832892957226,2022-03-09
493,0.011874688460513155,0.05316451848673932,2022-03-10
494,0.038153641809772175,0.09914921092956391,2022-03-11
495,0.014850997396261993,0.06300962465834511,2022-03-14
496,0.01790850712730999,0.07220215636555637,2022-03-15
497,0.015031184499127003,0.06159947197792103,2022-03-16
498,0.011283536910812198,0.0548925211046373,2022-03-17
499,0.013551377526727814,0.05862641378203178,2022-03-18
500,0.014029167244225057,0.0579165636662084,2022-03-21
501,0.03022390116256414,0.08619192241249962,2022-03-22
502,0.09872594508433036,0.17706712826083448,2022-03-23
503,0.013272447054459416,0.06510804284187303,2022-03-24
504,0.12033638516947746,0.20293739727579202,2022-03-25
505,0.020565016913179707,0.08030757742700109,2022-03-28
506,0.020249354125028943,0.07998832044014936,2022-03-29
507,0.07039047371273036,0.1545718328559818,2022-03-30
508,0.0286750702228015,0.09643144986039216,2022-03-31
509,0.012849107050227666,0.06224855901987231,2022-04-01
510,0.013694580236554269,0.06944851350489274,2022-04-04
511,0.11037556620681067,0.19384910064619007,2022-04-05
512,0.02201764726649924,0.08365204468113684,2022-04-06
513,0.08435982552755651,0.16898596699066817,2022-04-07
514,0.0264271791252538,0.09145723857000328,2022-04-08
515,0.0411052525025255,0.11688230187369046,2022-04-11
516,0.030929828795621433,0.10020687699751658,2022-04-12
517,0.016058001591916338,0.06952131599676699,2022-04-13
518,0.01946137002425287,0.07800758121304029,2022-04-14
519,0.013782621049260164,0.06592284856424803,2022-04-18
520,0.08783603496690424,0.17262430605162338,2022-04-19
521,0.025131513334915038,0.0894622554066178,2022-04-20
522,0.03251651943824248,0.10314107898431155,2022-04-21
523,0.020053297690074266,0.07899145502554966,2022-04-22
524,0.03756387134980329,0.1115173512348021,2022-04-25
525,0.019682714792758044,0.0782756399967615,2022-04-26
526,0.019266960561225135,0.0774853267784581,2022-04-27
527,0.013069796290345046,0.06456059796408807,2022-04-28
528,0.018016107018354172,0.07483550147858231,2022-04-29
529,0.013823263299678963,0.06628642369182641,2022-05-02
530,0.013255027408229553,0.06502984688400675,2022-05-03
531,0.016276889911962363,0.07038393951142538,2022-05-04
532,0.01711631301055804,0.07203932221190426,2022-05-05
533,0.01254368219255849,0.06369653517224415,2022-05-06
534,0.01519715016786793,0.06785484045412209,2022-05-09
535,0.0377295320670814,0.1076392080584189,2022-05-10
536,0.038658987158609166,0.11144166704492214,2022-05-11
537,0.1262918527598072,0.20653416786918727,2022-05-12
538,0.03500448385050042,0.10463894313965583,2022-05-13
539,0.01716238519076307,0.07114925430115424,2022-05-16
540,0.09425821537956193,0.17770712164878785,2022-05-17
541,0.024298006373939186,0.08501108209805092,2022-05-18
542,0.02611527213242584,0.09063635943811152,2022-05-19
543,0.019718489475399455,0.077759822265397,2022-05-20
544,0.028028239161599734,0.0949548361632047,2022-05-23
545,0.015853457584566754,0.06906680550427671,2022-05-24
546,0.019290770585990165,0.0773278209448054,2022-05-25
547,0.03952033827893906,0.1139292270906908,2022-05-26
548,0.02582070598596791,0.09056983703817288,2022-05-27
549,0.03119568316629712,0.10045692618933402,2022-05-31
550,0.018073864959314317,0.07411783602850164,2022-06-01
551,0.025189061280028326,0.08951627505599707,2022-06-02
552,0.017097332263739776,0.07220274884351854,2022-06-03
553,0.016164013855765037,0.07045778446935802,2022-06-06
554,0.012808028285345536,0.064175463171082,2022-06-07
555,0.030824508833565415,0.09875027758755196,2022-06-08
556,0.02362176641376064,0.08622139265875792,2022-06-09
557,0.02084648141733396,0.08056328334001721,2022-06-10
558,0.016760797260323625,0.07166105412099032,2022-06-13
559,0.012511481238283278,0.06454135911026027,2022-06-14
560,0.02446073741217782,0.08697688069580634,2022-06-15
561,0.014001717382677293,0.06663110601857296,2022-06-16
562,0.012712694218810904,0.0648728901161363,2022-06-17
563,0.012522840206187135,0.06471016220004175,2022-06-21
564,0.01392005093699021,0.06596803564734074,2022-06-22
565,0.015968704179561068,0.06984708990998319,2022-06-23
566,0.021358386349716575,0.08057883647478292,2022-06-24
567,0.01246821777222094,0.06500377768765468,2022-06-27
568,0.015015960148529735,0.06832686129717154,2022-06-28
569,0.013739776317557902,0.06877319848954626,2022-06-29
570,0.02129724165174585,0.07930543259817618,2022-06-30
571,0.017295483012611575,0.07298155853108841,2022-07-01
572,0.01655575337330669,0.07679040484899545,2022-07-05
573,0.013105756494825397,0.06562600493119264,2022-07-06
574,0.013201901250847085,0.06543468291641549,2022-07-07
575,0.013286825138735404,0.06485611876537128,2022-07-08
576,0.014353962169143456,0.0664827471346815,2022-07-11
577,0.023310696649204213,0.08908280880759584,2022-07-12
578,0.013794973543466114,0.06381460283010505,2022-07-13
579,0.01699676481398004,0.07230261303388487,2022-07-14
580,0.013711273606109629,0.06289882502062738,2022-07-15
581,0.014966723386464912,0.06629799038569947,2022-07-18
582,0.013861339959006364,0.06304577731673215,2022-07-19
583,0.015024749384567005,0.06567303215553401,2022-07-20
584,0.014918189517828365,0.06448186860470133,2022-07-21
585,0.038988407880676326,0.1067072871130442,2022-07-22
586,0.01569101906600358,0.06985088144506363,2022-07-25
587,0.013347973708690042,0.0677692729886752,2022-07-26
588,0.014371586749138814,0.07001051557441701,2022-07-27
589,0.04979419302817552,0.12462148342179613,2022-07-28
590,0.022162958654351108,0.08289177754818852,2022-07-29
591,0.016345400030960442,0.0707409470227884,2022-08-01
592,0.01462469361857561,0.06733310822224178,2022-08-02
593,0.01424948901817035,0.06680949687786543,2022-08-03
594,0.014815703767458572,0.06801735255738349,2022-08-04
595,0.026182400621337507,0.09082149358779122,2022-08-05
596,0.014162382725332757,0.06906348688729443,2022-08-08
597,0.012181634131451824,0.06399997633653133,2022-08-09
598,0.012679864547919991,0.06546867675518468,2022-08-10
599,0.01712162162396024,0.07165255711417096,2022-08-11
600,0.04780091984882129,0.12431645842287067,2022-08-12
601,0.013599939671847227,0.0648259942024609,2022-08-15
602,0.015901371733140504,0.07006579779179917,2022-08-16
603,0.017851768426778217,0.07421357868984252,2022-08-17
604,0.01423786394513251,0.06666303366423597,2022-08-18
605,0.02300016143273558,0.08456096576166681,2022-08-19
606,0.02532467109150188,0.08937001638683033,2022-08-22
607,0.017881721542602667,0.07352796970520105,2022-08-23
608,0.04216343192769391,0.1174177342647967,2022-08-24
609,0.03766275914225221,0.10925094446624074,2022-08-25
610,0.035233293905107724,0.10390762592138597,2022-08-26
611,0.022951626614766855,0.08102614326484232,2022-08-29
612,0.045356878080082076,0.11967037506337413,2022-08-30
613,0.029583237191275088,0.09230952876971209,2022-08-31
614,0.025836826302203374,0.08633047774701716,2022-09-01
615,0.02286324360576384,0.08160222890293314,2022-09-02
616,0.020034004990883158,0.07660808727091574,2022-09-06
617,0.0405473914584166,0.11401655865697354,2022-09-07
618,0.042103043657725554,0.11442726289544689,2022-09-08
619,0.04489195094432456,0.11676375004479773,2022-09-09
620,0.05135796892743934,0.12379450321817564,2022-09-12
621,0.04369997555668008,0.11075710035973704,2022-09-13
622,0.034497059172753086,0.0965255315658249,2022-09-14
623,0.03643642884347535,0.1018180943217899,2022-09-15
624,0.03064707084164923,0.09258569468749654,2022-09-16
625,0.025633402008143038,0.08508076170142587,2022-09-19
626,0.03237979873459427,0.09894530980986628,2022-09-20
627,0.024233906158206094,0.08373117988217542,2022-09-21
628,0.027718925133572596,0.09171896242067158,2022-09-22
629,0.02795388564632389,0.09227485286323339,2022-09-23
630,0.021038594383472692,0.0785680225183251,2022-09-26
631,0.017522010314437387,0.0714939221575797,2022-09-27
632,0.02223722121282756,0.08253913736743597,2022-09-28
633,0.013575270519621397,0.06287492135776612,2022-09-29
634,0.017286476351838664,0.07221520055835214,2022-09-30
635,0.016624395308080634,0.07078961331127047,2022-10-03
636,0.01745750069172206,0.07263460986083668,2022-10-04
637,0.018752925740254927,0.07534190427262359,2022-10-05
638,0.014675991590886802,0.06665053062488005,2022-10-06
639,0.015107782644678828,0.06791771691839325,2022-10-07
640,0.023145957379435405,0.08411995726298314,2022-10-10
641,0.022841806773420487,0.08358421389896444,2022-10-11
642,0.014135104580879364,0.06594535327600529,2022-10-12
643,0.01334390383059383,0.06579256677865747,2022-10-13
644,0.01639887646284949,0.07099797462561795,2022-10-14
645,0.018486967508426315,0.0750710893741212,2022-10-17
646,0.014848962444802837,0.06749745675660052,2022-10-18
647,0.01354077198507313,0.06555254596733759,2022-10-19
648,0.013954190966774608,0.06837262967195498,2022-10-20
649,0.015473529026248326,0.07298896796506425,2022-10-21
650,0.017185157512558488,0.07664442067672392,2022-10-24
651,0.02282854400969244,0.08648615082424331,2022-10-25
652,0.014953597575090936,0.06659616474474453,2022-10-26
653,0.020284216134075026,0.07561774527350353,2022-10-27
654,0.014411523239620184,0.06888371516538486,2022-10-28
655,0.01713735995135915,0.07558207722894555,2022-10-31
656,0.0213745209229823,0.0828198081701956,2022-11-01
657,0.025796788094512885,0.0873625451081805,2022-11-02
658,0.0179342759976297,0.06977764671671088,2022-11-03
659,0.017181990452644243,0.07057834891628266,2022-11-04
660,0.014227549812333611,0.06736650104620477,2022-11-07
661,0.015855105824470046,0.07253200896862452,2022-11-08
662,0.01417014887206706,0.06692846845557521,2022-11-09
663,0.025841683631622002,0.08723355835537185,2022-11-10
664,0.02411670739621395,0.09383634736821495,2022-11-11
665,0.01991163974617943,0.0812306696814921,2022-11-14
666,0.02591346706569783,0.08526802554423084,2022-11-15
667,0.014376030595327714,0.06906636890502567,2022-11-16
668,0.014097031209559711,0.06814594686601617,2022-11-17
669,0.018350432698001098,0.07865796226726168,2022-11-18
670,0.023782951307770715,0.08785223784499993,2022-11-21
671,0.020008421862574666,0.07451224348885067,2022-11-22
672,0.019218112085761095,0.08004925950457442,2022-11-23
673,0.01463540864131946,0.067042828861417,2022-11-25
674,0.013755432708075175,0.06633267066837104,2022-11-28
675,0.01574778587975104,0.07243343394348753,2022-11-29
676,0.01405001213065392,0.06690936013783971,2022-11-30
677,0.018024016852216877,0.07315929424490995,2022-12-01
678,0.015141492793083279,0.07171225765102675,2022-12-02
679,0.014035584733849398,0.06722740526123679,2022-12-05
680,0.01912563331267084,0.08096868138239387,2022-12-06
681,0.014341441685875403,0.06728448410592998,2022-12-07
682,0.023284545938634892,0.08873968201935296,2022-12-08
683,0.014556238106458771,0.06674907792347187,2022-12-09
684,0.04493316219632971,0.1216193768676294,2022-12-12
685,0.023372306135759437,0.07792266001355377,2022-12-13
686,0.016370846133744944,0.06499982256990167,2022-12-14
687,0.01688690007839295,0.06807189779711088,2022-12-15
688,0.015223059606322087,0.06740784200068764,2022-12-16
689,0.020989817949664494,0.08031585279529266,2022-12-19
690,0.01745257814879294,0.07104549033242107,2022-12-20
691,0.024171063011992476,0.08290562380913592,2022-12-21
692,0.018285396740422802,0.06961463718685205,2022-12-22
693,0.023366138191623746,0.07863041716476321,2022-12-23
694,0.022927040721782265,0.0756931331756151,2022-12-27
695,0.017428559244583232,0.06715644532612405,2022-12-28
696,0.020260298158405764,0.07443968846086603,2022-12-29
697,0.03926074362183188,0.10258671649388659,2022-12-30
698,0.01651705194513076,0.06390732016692853,2023-01-03
699,0.02645037817427872,0.0809494640390303,2023-01-04
700,0.016813678271856335,0.06477406804325893,2023-01-05
701,0.026201360815847227,0.08121973519267484,2023-01-06
702,0.01784334773502318,0.06774673730134123,2023-01-09
703,0.016966867000943152,0.06869619569854658,2023-01-10
704,0.017502458712677835,0.07208657067738672,2023-01-11
705,0.018174838912418764,0.0732242859323466,2023-01-12
706,0.03839112841237113,0.10622692410210305,2023-01-13
707,0.02750173368992009,0.0825775153882805,2023-01-17
708,0.022627199479167196,0.07523338682232608,2023-01-18
709,0.017260762145948395,0.0698346658928658,2023-01-19
710,0.030658507767625878,0.09118209134350856,2023-01-20
711,0.016697276755804402,0.0750258960175009,2023-01-23
712,0.020580128828499324,0.08252662698736658,2023-01-24
713,0.015229557514245744,0.06825303455871122,2023-01-25
714,0.01915565732577846,0.07851352889872647,2023-01-26
715,0.016540377604354662,0.07111693391641512,2023-01-27
716,0.019112300698176408,0.07646755361191117,2023-01-30
717,0.029139490067742652,0.09269588260634577,2023-01-31
718,0.03368036649273586,0.09508490511118374,2023-02-01
719,0.020079182694876574,0.06955924902562569,2023-02-02
720,0.017690453876092294,0.067624569376393,2023-02-03
721,0.02424743485239891,0.0801334522459546,2023-02-06
722,0.052181017743726535,0.11872852276000931,2023-02-07
723,0.0334002588375593,0.10017752855387564,2023-02-08
724,0.02522483667165915,0.08789476793455897,2023-02-09
725,0.018950102194394556,0.0793117647084549,2023-02-10
726,0.028990357217335897,0.0950444466349766,2023-02-13
727,0.02129605216958734,0.08611240720552103,2023-02-14
728,0.026510580227590296,0.09028023592007124,2023-02-15
729,0.013402286743439306,0.06507429492656787,2023-02-16
730,0.02913882762640059,0.10496514159773945,2023-02-17
731,0.015134603486016586,0.06844259330087277,2023-02-21
732,0.014875362527695255,0.06817111147671705,2023-02-22
733,0.015045700397014666,0.07162463915269056,2023-02-23
734,0.01875314602912392,0.08064312641715583,2023-02-24
735,0.016751849222409933,0.07409183759615563,2023-02-27
736,0.0227366855984636,0.08513285024378751,2023-02-28
737,0.01792274091578051,0.07252339006743445,2023-03-01
738,0.018766246981054262,0.07339714245377292,2023-03-02
739,0.018031447258534065,0.07115019690306314,2023-03-03
740,0.016060626384016112,0.06710771656398097,2023-03-06
741,0.01577510036656866,0.06759165891327565,2023-03-07
742,0.023962178304200686,0.08438636256990374,2023-03-08
743,0.015832890094969354,0.06649212692622321,2023-03-09
744,0.017591104910213706,0.07127794220611325,2023-03-10
745,0.016828981773653585,0.06961749481287471,2023-03-13
746,0.034448110110949934,0.10077356345742472,2023-03-14
747,0.028945635016060324,0.08625144445261056,2023-03-15
748,0.024231642079298506,0.07593117863541927,2023-03-16
749,0.022945906102272876,0.07309002688459913,2023-03-17
750,0.026062991982351544,0.07744207732021893,2023-03-20
751,0.01716450225558808,0.0639708877980528,2023-03-21
752,0.025383110921440914,0.0775885032530763,2023-03-22
753,0.020106596063942522,0.06811441209797434,2023-03-23
754,0.020621757146191803,0.07203213526473422,2023-03-24
755,0.016681492710525592,0.06794747256746146,2023-03-27
756,0.046104678115946596,0.1154635405284397,2023-03-28
757,0.03584830755854154,0.09268889922666229,2023-03-29
758,0.020656591133608484,0.06716437661711146,2023-03-30
759,0.021352603219377153,0.07205123882037262,2023-03-31
760,0.015442594375955849,0.06417596354641947,2023-04-03
761,0.019840243039695865,0.07336677319942739,2023-04-04
762,0.05801333392196867,0.1400101991254518,2023-04-05
763,0.020470701705066024,0.07189923642513797,2023-04-06
764,0.015791459348078064,0.06418704879047986,2023-04-10
765,0.023367715506252516,0.07897297839308781,2023-04-11
766,0.019651529309854962,0.07071990733256753,2023-04-12
767,0.020026217656151445,0.07106898146633973,2023-04-13
768,0.01675087773473112,0.06513503340997095,2023-04-14
769,0.015379763327354742,0.06491855933276107,2023-04-17
770,0.03026932086580433,0.09310344226275462,2023-04-18
771,0.03426694088631286,0.09384982573808008,2023-04-19
772,0.017075069953716406,0.06402926978005563,2023-04-20
773,0.017183578766290675,0.06524662809248209,2023-04-21
774,0.016594387553860914,0.06708679976160846,2023-04-24
775,0.017245074823087358,0.07019465123101494,2023-04-25
776,0.026246499045054873,0.09286674201263956,2023-04-26
777,0.028969786191108828,0.09253807929879593,2023-04-27
778,0.02216451488575918,0.07634809696165636,2023-04-28
779,0.016828978716392072,0.06641518982218568,2023-05-01
780,0.061080050254584635,0.13080764561629818,2023-05-02
781,0.04004730706111636,0.09573499431446111,2023-05-03
782,0.02268582909732756,0.06916129294583226,2023-05-04
783,0.035117190949341036,0.08633286055317194,2023-05-05
784,0.02472185139781651,0.07139220346747692,2023-05-08
785,0.02597545743288931,0.07305436310177912,2023-05-09
786,0.02255661479477319,0.06844237308913166,2023-05-10
787,0.01762529795133414,0.06274546143397505,2023-05-11
788,0.034567734556746645,0.08589546214840935,2023-05-12
789,0.03722982905642264,0.08787134177763412,2023-05-15
790,0.01754890483910183,0.06155925481475053,2023-05-16
791,0.04223762612612532,0.09388916547283174,2023-05-17
792,0.021394185027910677,0.0670413630461069,2023-05-18
793,0.030875366972996043,0.07994812232040274,2023-05-19
794,0.028442591722991836,0.0772548716804596,2023-05-22
795,0.019156796016900266,0.06452626292784695,2023-05-23
796,0.017988429092186224,0.06189197945838496,2023-05-24
797,0.03228433211773583,0.08139394178764722,2023-05-25
798,0.025045742657865206,0.07236123373736908,2023-05-26
799,0.024613823863004772,0.07197295552629929,2023-05-30
800,0.02523107838900959,0.07311956763822115,2023-05-31
801,0.02586462536626943,0.07418112786627717,2023-06-01
802,0.02010267657742643,0.06581077702608136,2023-06-02
803,0.017879555212449973,0.06192600014775367,2023-06-05
804,0.030114342582636414,0.07871147395215906,2023-06-06
805,0.019869553170444188,0.06474799023868223,2023-06-07
806,0.026734510906366294,0.07447731187172456,2023-06-08
807,0.03918286161286028,0.08983836166183488,2023-06-09
808,0.021943883861563537,0.06836394633856513,2023-06-12
809,0.02974508050230349,0.07890602680402542,2023-06-13
810,0.021748045131915042,0.06863731775269044,2023-06-14
811,0.0263939152163019,0.07485329934172218,2023-06-15
812,0.02147936497648207,0.06823369011952936,2023-06-16
813,0.023354728398303257,0.07027073816077603,2023-06-20
814,0.028649543474437256,0.07757468827460644,2023-06-21
815,0.022380431660124864,0.06939933269328377,2023-06-22
816,0.027126523064449525,0.07563344377499436,2023-06-23
817,0.03192478863077897,0.08201707777269313,2023-06-26
818,0.01837257132573077,0.06324341590418983,2023-06-27
819,0.039179427738886725,0.09007014687488121,2023-06-28
820,0.02415821483596576,0.07284581156131618,2023-06-29
821,0.02296578149280672,0.07056477414341863,2023-06-30
822,0.022293875172868863,0.06881654768667131,2023-07-03
823,0.025253836593816283,0.07326317807766695,2023-07-05
824,0.018775415527744838,0.06708361016813462,2023-07-06
825,0.04696603195367955,0.10605090628080384,2023-07-07
826,0.02073364032553276,0.06754459185102978,2023-07-10
827,0.025003459329768187,0.07433077305647065,2023-07-11
828,0.029124419601229922,0.07967984545972685,2023-07-12
829,0.042992087140590024,0.09735325523872439,2023-07-13
830,0.02746167872785538,0.07566111987921839,2023-07-14
831,0.018999610774166956,0.06583880721868222,2023-07-17
832,0.022167640388133097,0.06980594758448193,2023-07-18
833,0.017985096013345817,0.06641318559309595,2023-07-19
834,0.02696605572933491,0.08100079199746207,2023-07-20
835,0.025324505524964458,0.07684625414894401,2023-07-21
836,0.028332432711806143,0.0808297407312778,2023-07-24
837,0.03724982157863513,0.09208550928961437,2023-07-25
838,0.018191249751283965,0.06502117525740359,2023-07-26
839,0.05522047433554401,0.11402265751294141,2023-07-27
840,0.028264797889119665,0.07678415212212152,2023-07-28
841,0.031819085588463976,0.08115742044853023,2023-07-31
842,0.033833984377011864,0.08368650212991875,2023-08-01
843,0.027896585927538606,0.07650565780646583,2023-08-02
844,0.03167593693749453,0.08147085880608453,2023-08-03
845,0.018401160333689277,0.06324957711842394,2023-08-04
846,0.02373869875709425,0.07062864089699505,2023-08-07
847,0.025489359072240564,0.07273968565234294,2023-08-08
848,0.034697645286289325,0.0849563733346694,2023-08-09
849,0.0258941390410866,0.07386139183669788,2023-08-10
850,0.02207227306601283,0.06862487898535331,2023-08-11
851,0.03524543580390961,0.08556832176915755,2023-08-14
852,0.03553585484362849,0.08643102100339785,2023-08-15
853,0.019808829526400007,0.06660213975574872,2023-08-16
854,0.024867869124461876,0.0728309888632205,2023-08-17
855,0.02685132038416831,0.07518367694406061,2023-08-18
856,0.019337219137720393,0.06448670052304514,2023-08-21
857,0.02065116284352272,0.06847119249506943,2023-08-22
858,0.023980826934521395,0.07344250651343617,2023-08-23
859,0.02773796643172452,0.07857327616061038,2023-08-24
860,0.02261059177649787,0.07409746485956348,2023-08-25
861,0.02876898477441177,0.08708958012333379,2023-08-28
862,0.03360660790326236,0.09131533518046689,2023-08-29
863,0.022755119216707306,0.07244765636540705,2023-08-30
864,0.022568819647292248,0.07216844190738332,2023-08-31
865,0.02400848518620739,0.07705128428078953,2023-09-01
866,0.034765525438211,0.09992199963748773,2023-09-05
867,0.020262343343924644,0.07120847883492606,2023-09-06
868,0.034343985771063595,0.09306277355943078,2023-09-07
869,0.01923315093943848,0.06647441941874228,2023-09-08
870,0.029128817815619882,0.08276156324809095,2023-09-11
871,0.0368862751668206,0.09204532854775097,2023-09-12
872,0.018461633151994748,0.06365861431827864,2023-09-13
873,0.02830854396017381,0.0820092293395075,2023-09-14
874,0.05697345187082527,0.12708384426728347,2023-09-15
875,0.018474200952434593,0.06542659202632929,2023-09-18
876,0.01672669439220297,0.0652598405348818,2023-09-19
877,0.02330449704842303,0.07823835176663771,2023-09-20
878,0.014144486402489475,0.06677193363042169,2023-09-21
879,0.027886935192567786,0.09744203844153712,2023-09-22
880,0.0339406853149407,0.10139966012523784,2023-09-25
881,0.015493329187174117,0.06506649156311702,2023-09-26
882,0.014984549812639726,0.06597985394937328,2023-09-27
883,0.014650046388576851,0.06631638898030207,2023-09-28
884,0.03281885345202764,0.1041350081725381,2023-09-29
885,0.04018901079530002,0.1072637495714,2023-10-02
886,0.03244775236858295,0.0884211929133795,2023-10-03
887,0.044771412738751855,0.10254638108559166,2023-10-04
888,0.03171528148754088,0.08120744139850278,2023-10-05
889,0.02369864843570862,0.06974093676990613,2023-10-06
890,0.0242592365075679,0.07044579733788736,2023-10-09
891,0.025542486832113288,0.07231223727397285,2023-10-10
892,0.017259648184080014,0.06055017609406617,2023-10-11
893,0.04029554021340074,0.09128132899698362,2023-10-12
894,0.018247403594516598,0.061845066556232765,2023-10-13
895,0.02678700387125025,0.07384184314124086,2023-10-16
896,0.023969388985889656,0.07006599826588493,2023-10-17
897,0.020776589229771568,0.06538832388508353,2023-10-18
898,0.028459938878312708,0.07660473778477564,2023-10-19
899,0.02724030121770353,0.07566241189685685,2023-10-20
900,0.022863833270574438,0.07046937876288706,2023-10-23
901,0.0317538258106265,0.08184151204638145,2023-10-24
902,0.026066038082193998,0.07690183771891491,2023-10-25
903,0.021875680235427335,0.0722669127729125,2023-10-26
904,0.02115935175815548,0.0705935554253381,2023-10-27
905,0.021503515894709366,0.07043207456220418,2023-10-30
906,0.025418412454196918,0.07531552199535181,2023-10-31
907,0.02307655159473556,0.07309549950782943,2023-11-01
908,0.02065038806593323,0.06983447806755674,2023-11-02
909,0.02460188850732279,0.07495717395657865,2023-11-03
910,0.02243324848350669,0.07309087785484585,2023-11-06
911,0.02155101683223868,0.07183253570666312,2023-11-07
912,0.02903501093041508,0.08160642994346486,2023-11-08
913,0.02225277175107656,0.07532810232388927,2023-11-09
914,0.02853357165015094,0.08269975307501307,2023-11-10
915,0.02350856164813539,0.07840074192371906,2023-11-13
916,0.02352928644850528,0.07786147514053879,2023-11-14
917,0.025825890211071015,0.080784956102645,2023-11-15
918,0.022865764840429337,0.07728167809021992,2023-11-16
919,0.024622525407194583,0.07858975156278337,2023-11-17
920,0.018406289377613193,0.06723119568660346,2023-11-20
921,0.021844489012296537,0.07008513481354488,2023-11-21
922,0.02697791373996422,0.07690393422818338,2023-11-22
923,0.02284618775412905,0.07309137942088048,2023-11-24
924,0.02766266624050277,0.07954408893285672,2023-11-27
